gToolTipText .= "Error in Main Timer Active Window Check
"
D:\Git\EVE-X-Preview\src\Main_Class.ahk (348) : [Main_Class.Prototype.HandleMainTimer] This.PollMainWindows()
> Timer
2026-09-18 12:42:10 +124519031 [INFO] Activation focus confirmed; target=12519826; foreground=12519826
2026-09-18 12:42:10 +124519078 [INFO] Activation requested; target=396958; source=12519826
2026-09-18 12:42:10 +124519109 [INFO] Activation focus confirmed; target=396958; foreground=396958
2026-09-18 12:42:10 +124519109 [INFO] endEvent: event ended for: EVE - Khivus
2026-09-18 12:42:10 +124519750 [INFO] Activation requested; target=462564; source=396958
2026-09-18 12:42:10 +124519796 [INFO] Activation focus confirmed; target=462564; foreground=462564
2026-09-18 12:42:11 +124520031 [INFO] Activation requested; target=986496; source=462564
2026-09-18 12:42:11 +124520062 [INFO] Activation focus confirmed; target=986496; foreground=986496
2026-09-18 12:42:14 +124522953 [INFO] Activation requested; target=397052; source=986496
2026-09-18 12:42:14 +124523000 [INFO] Activation focus confirmed; target=397052; foreground=397052
2026-09-18 12:42:14 +124523203 [INFO] Activation requested; target=1838794; source=397052
2026-09-18 12:42:14 +124523265 [INFO] Activation focus confirmed; target=1838794; foreground=1838794
2026-09-18 12:42:14 +124523468 [INFO] Activation requested; target=12519826; source=1838794
2026-09-18 12:42:14 +124523515 [INFO] Activation focus confirmed; target=12519826; foreground=12519826
2026-09-18 12:42:14 +124523718 [INFO] Activation requested; target=396958; source=12519826
2026-09-18 12:42:14 +124523734 [INFO] Activation focus confirmed; target=396958; foreground=396958
2026-09-18 12:42:15 +124523953 [INFO] Activation requested; target=1837564; source=396958
2026-09-18 12:42:15 +124524015 [INFO] Activation focus confirmed; target=1837564; foreground=1837564
2026-09-18 12:42:15 +124524250 [INFO] Activation requested; target=3803056; source=1837564
2026-09-18 12:42:15 +124524281 [INFO] Activation focus confirmed; target=3803056; foreground=3803056
2026-09-18 12:42:15 +124524515 [INFO] Activation requested; target=396956; source=3803056
2026-09-18 12:42:15 +124524546 [ERROR] Main timer foreground check: Target window not found.
D:\Git\EVE-X-Preview\src\Main_Class.ahk:429 WinGetProcessName
D:\Git\EVE-X-Preview\src\Main_Class.ahk (429) : [WinGetProcessName] activeExe := WinGetProcessName("A")
D:\Git\EVE-X-Preview\src\Main_Class.ahk (429) : [Main_Class.Prototype.PollMainWindows] activeExe := WinGetProcessName("A")
D:\Git\EVE-X-Preview\src\Main_Class.ahk (348) : [Main_Class.Prototype.HandleMainTimer] This.PollMainWindows()
> Timer
2026-09-18 12:42:15 +124524546 [ERROR] Program event: Error in Main Timer Active Window Check

D:\Git\EVE-X-Preview\src\Main_Class.ahk:53 Main_Class.Prototype.debugToolTipText.set
D:\Git\EVE-X-Preview\src\Main_Class.ahk (53) : [Main_Class.Prototype.debugToolTipText.set] ProgramLog.Error(Error(addition), "Program event")
D:\Git\EVE-X-Preview\src\Main_Class.ahk (471) : [Main_Class.Prototype.PollMainWindows] This.debugToolTipText .= "Error in Main Timer Active Window Check
"
D:\Git\EVE-X-Preview\src\Main_Class.ahk (348) : [Main_Class.Prototype.HandleMainTimer] This.PollMainWindows()
> Timer
2026-09-18 12:42:15 +124524609 [INFO] Activation focus confirmed; target=396956; foreground=396956
2026-09-18 12:42:15 +124524750 [INFO] Activation requested; target=396894; source=396956
2026-09-18 12:42:15 +124524796 [ERROR] Main timer foreground check: Target window not found.
D:\Git\EVE-X-Preview\src\Main_Class.ahk:429 WinGetProcessName
D:\Git\EVE-X-Preview\src\Main_Class.ahk (429) : [WinGetProcessName] activeExe := WinGetProcessName("A")
D:\Git\EVE-X-Preview\src\Main_Class.ahk (429) : [Main_Class.Prototype.PollMainWindows] activeExe := WinGetProcessName("A")
D:\Git\EVE-X-Preview\src\Main_Class.ahk (348) : [Main_Class.Prototype.HandleMainTimer] This.PollMainWindows()
> Timer
2026-09-18 12:42:15 +124524796 [ERROR] Program event: Error in Main Timer Active Window Check

D:\Git\EVE-X-Preview\src\Main_Class.ahk:53 Main_Class.Prototype.debugToolTipText.set
D:\Git\EVE-X-Preview\src\Main_Class.ahk (53) : [Main_Class.Prototype.debugToolTipText.set] ProgramLog.Error(Error(addition), "Program event")
D:\Git\EVE-X-Preview\src\Main_Class.ahk (471) : [Main_Class.Prototype.PollMainWindows] This.debugToolTipText .= "Error in Main Timer Active Window Check
"
D:\Git\EVE-X-Preview\src\Main_Class.ahk (348) : [Main_Class.Prototype.HandleMainTimer] This.PollMainWindows()
> Timer
2026-09-18 12:42:16 +124524859 [INFO] Activation focus confirmed; target=396894; foreground=396894
2026-09-18 12:42:16 +124525484 [INFO] Thumbnail action: ActivateThumbnail for: EVE - Khivus
2026-09-18 12:42:16 +124525484 [INFO] Activation requested; target=396958; source=396894
2026-09-18 12:42:16 +124525546 [INFO] Activation focus confirmed; target=396958; foreground=396958
2026-09-18 12:42:17 +124526453 [INFO] Activation requested; target=462564; source=396958
2026-09-18 12:42:17 +124526500 [INFO] Activation focus confirmed; target=462564; foreground=462564
2026-09-18 12:42:33 +124542234 [INFO] Activation requested; target=986496; source=462564
2026-09-18 12:42:33 +124542265 [INFO] Activation focus confirmed; target=986496; foreground=986496
2026-09-18 12:42:36 +124545406 [INFO] Activation requested; target=462564; source=986496
2026-09-18 12:42:36 +124545453 [ERROR] Main timer foreground check: Target window not found.
D:\Git\EVE-X-Preview\src\Main_Class.ahk:429 WinGetProcessName
D:\Git\EVE-X-Preview\src\Main_Class.ahk (429) : [WinGetProcessName] activeExe := WinGetProcessName("A")
D:\Git\EVE-X-Preview\src\Main_Class.ahk (429) : [Main_Class.Prototype.PollMainWindows] activeExe := WinGetProcessName("A")
D:\Git\EVE-X-Preview\src\Main_Class.ahk (348) : [Main_Class.Prototype.HandleMainTimer] This.PollMainWindows()
> Timer
2026-09-18 12:42:36 +124545453 [ERROR] Program event: Error in Main Timer Active Window Check

D:\Git\EVE-X-Preview\src\Main_Class.ahk:53 Main_Class.Prototype.debugToolTipText.set
D:\Git\EVE-X-Preview\src\Main_Class.ahk (53) : [Main_Class.Prototype.debugToolTipText.set] ProgramLog.Error(Error(addition), "Program event")
D:\Git\EVE-X-Preview\src\Main_Class.ahk (471) : [Main_Class.Prototype.PollMainWindows] This.debugToolTipText .= "Error in Main Timer Active Window Check
"
D:\Git\EVE-X-Preview\src\Main_Class.ahk (348) : [Main_Class.Prototype.HandleMainTimer] This.PollMainWindows()
> Timer
2026-09-18 12:42:36 +124545515 [INFO] Activation focus confirmed; target=462564; foreground=462564
2026-09-18 12:42:45 +124554796 [INFO] Activation requested; target=986496; source=462564
2026-09-18 12:42:46 +124554828 [ERROR] Main timer foreground check: Target window not found.
D:\Git\EVE-X-Preview\src\Main_Class.ahk:429 WinGetProcessName
D:\Git\EVE-X-Preview\src\Main_Class.ahk (429) : [WinGetProcessName] activeExe := WinGetProcessName("A")
D:\Git\EVE-X-Preview\src\Main_Class.ahk (429) : [Main_Class.Prototype.PollMainWindows] activeExe := WinGetProcessName("A")
D:\Git\EVE-X-Preview\src\Main_Class.ahk (348) : [Main_Class.Prototype.HandleMainTimer] This.PollMainWindows()
> Timer
2026-09-18 12:42:46 +124554828 [ERROR] Program event: Error in Main Timer Active Window Check

D:\Git\EVE-X-Preview\src\Main_Class.ahk:53 Main_Class.Prototype.debugToolTipText.set
D:\Git\EVE-X-Preview\src\Main_Class.ahk (53) : [Main_Class.Prototype.debugToolTipText.set] ProgramLog.Error(Error(addition), "Program event")
D:\Git\EVE-X-Preview\src\Main_Class.ahk (471) : [Main_Class.Prototype.PollMainWindows] This.debugToolTipText .= "Error in Main Timer Active Window Check
"
D:\Git\EVE-X-Preview\src\Main_Class.ahk (348) : [Main_Class.Prototype.HandleMainTimer] This.PollMainWindows()
> Timer
2026-09-18 12:42:46 +124554890 [INFO] Activation focus confirmed; target=986496; foreground=986496
2026-09-18 12:42:47 +124556703 [INFO] Activation requested; target=462564; source=986496
2026-09-18 12:42:47 +124556765 [INFO] Activation focus confirmed; target=462564; foreground=462564
2026-09-18 12:42:53 +124561906 [INFO] Activation requested; target=986496; source=462564
2026-09-18 12:42:53 +124561953 [INFO] Activation focus confirmed; target=986496; foreground=986496
2026-09-18 12:42:54 +124563343 [INFO] Activation requested; target=462564; source=986496
2026-09-18 12:42:54 +124563390 [INFO] Activation focus confirmed; target=462564; foreground=462564
2026-09-18 12:42:56 +124564843 [INFO] handleEventActivation: event underAttackByNPC triggered for: EVE - Khivus
2026-09-18 12:42:58 +124567046 [INFO] Thumbnail action: ActivateThumbnail for: EVE - Khivus
2026-09-18 12:42:58 +124567046 [INFO] Activation requested; target=396958; source=462564
2026-09-18 12:42:58 +124567078 [ERROR] Main timer foreground check: Target window not found.
D:\Git\EVE-X-Preview\src\Main_Class.ahk:429 WinGetProcessName
D:\Git\EVE-X-Preview\src\Main_Class.ahk (429) : [WinGetProcessName] activeExe := WinGetProcessName("A")
D:\Git\EVE-X-Preview\src\Main_Class.ahk (429) : [Main_Class.Prototype.PollMainWindows] activeExe := WinGetProcessName("A")
D:\Git\EVE-X-Preview\src\Main_Class.ahk (348) : [Main_Class.Prototype.HandleMainTimer] This.PollMainWindows()
> Timer
2026-09-18 12:42:58 +124567078 [ERROR] Program event: Error in Main Timer Active Window Check

D:\Git\EVE-X-Preview\src\Main_Class.ahk:53 Main_Class.Prototype.debugToolTipText.set
D:\Git\EVE-X-Preview\src\Main_Class.ahk (53) : [Main_Class.Prototype.debugToolTipText.set] ProgramLog.Error(Error(addition), "Program event")
D:\Git\EVE-X-Preview\src\Main_Class.ahk (471) : [Main_Class.Prototype.PollMainWindows] This.debugToolTipText .= "Error in Main Timer Active Window Check
"
D:\Git\EVE-X-Preview\src\Main_Class.ahk (348) : [Main_Class.Prototype.HandleMainTimer] This.PollMainWindows()
> Timer
2026-09-18 12:42:58 +124567140 [INFO] Activation focus confirmed; target=396958; foreground=396958
2026-09-18 12:42:58 +124567140 [INFO] endEvent: event ended for: EVE - Khivus
2026-09-18 12:43:04 +124573140 [INFO] Activation requested; target=462564; source=396958
2026-09-18 12:43:04 +124573203 [INFO] Activation focus confirmed; target=462564; foreground=462564
2026-09-18 12:43:06 +124574828 [INFO] Activation requested; target=986496; source=462564
2026-09-18 12:43:06 +124574890 [INFO] Activation focus confirmed; target=986496; foreground=986496
2026-09-18 12:43:07 +124575968 [INFO] Activation requested; target=397052; source=986496
2026-09-18 12:43:07 +124576015 [INFO] Activation focus confirmed; target=397052; foreground=397052
2026-09-18 12:43:07 +124576250 [INFO] Activation requested; target=1838794; source=397052
2026-09-18 12:43:07 +124576281 [ERROR] Main timer foreground check: Target window not found.
D:\Git\EVE-X-Preview\src\Main_Class.ahk:429 WinGetProcessName
D:\Git\EVE-X-Preview\src\Main_Class.ahk (429) : [WinGetProcessName] activeExe := WinGetProcessName("A")
D:\Git\EVE-X-Preview\src\Main_Class.ahk (429) : [Main_Class.Prototype.PollMainWindows] activeExe := WinGetProcessName("A")
D:\Git\EVE-X-Preview\src\Main_Class.ahk (348) : [Main_Class.Prototype.HandleMainTimer] This.PollMainWindows()
> Timer
2026-09-18 12:43:07 +124576281 [ERROR] Program event: Error in Main Timer Active Window Check

D:\Git\EVE-X-Preview\src\Main_Class.ahk:53 Main_Class.Prototype.debugToolTipText.set
D:\Git\EVE-X-Preview\src\Main_Class.ahk (53) : [Main_Class.Prototype.debugToolTipText.set] ProgramLog.Error(Error(addition), "Program event")
D:\Git\EVE-X-Preview\src\Main_Class.ahk (471) : [Main_Class.Prototype.PollMainWindows] This.debugToolTipText .= "Error in Main Timer Active Window Check
"
D:\Git\EVE-X-Preview\src\Main_Class.ahk (348) : [Main_Class.Prototype.HandleMainTimer] This.PollMainWindows()
> Timer
2026-09-18 12:43:07 +124576343 [INFO] Activation focus confirmed; target=1838794; foreground=1838794
2026-09-18 12:43:07 +124576562 [INFO] Activation requested; target=12519826; source=1838794
2026-09-18 12:43:07 +124576593 [ERROR] Main timer foreground check: Target window not found.
D:\Git\EVE-X-Preview\src\Main_Class.ahk:429 WinGetProcessName
D:\Git\EVE-X-Preview\src\Main_Class.ahk (429) : [WinGetProcessName] activeExe := WinGetProcessName("A")
D:\Git\EVE-X-Preview\src\Main_Class.ahk (429) : [Main_Class.Prototype.PollMainWindows] activeExe := WinGetProcessName("A")
D:\Git\EVE-X-Preview\src\Main_Class.ahk (348) : [Main_Class.Prototype.HandleMainTimer] This.PollMainWindows()
> Timer
2026-09-18 12:43:07 +124576593 [ERROR] Program event: Error in Main Timer Active Window Check

D:\Git\EVE-X-Preview\src\Main_Class.ahk:53 Main_Class.Prototype.debugToolTipText.set
D:\Git\EVE-X-Preview\src\Main_Class.ahk (53) : [Main_Class.Prototype.debugToolTipText.set] ProgramLog.Error(Error(addition), "Program event")
D:\Git\EVE-X-Preview\src\Main_Class.ahk (471) : [Main_Class.Prototype.PollMainWindows] This.debugToolTipText .= "Error in Main Timer Active Window Check
"
D:\Git\EVE-X-Preview\src\Main_Class.ahk (348) : [Main_Class.Prototype.HandleMainTimer] This.PollMainWindows()
> Timer
2026-09-18 12:43:07 +124576656 [INFO] Activation focus confirmed; target=12519826; foreground=12519826
2026-09-18 12:43:08 +124577421 [INFO] Activation requested; target=396958; source=12519826
2026-09-18 12:43:08 +124577468 [ERROR] Main timer foreground check: Target window not found.
D:\Git\EVE-X-Preview\src\Main_Class.ahk:429 WinGetProcessName
D:\Git\EVE-X-Preview\src\Main_Class.ahk (429) : [WinGetProcessName] activeExe := WinGetProcessName("A")
D:\Git\EVE-X-Preview\src\Main_Class.ahk (429) : [Main_Class.Prototype.PollMainWindows] activeExe := WinGetProcessName("A")
D:\Git\EVE-X-Preview\src\Main_Class.ahk (348) : [Main_Class.Prototype.HandleMainTimer] This.PollMainWindows()
> Timer
2026-09-18 12:43:08 +124577468 [ERROR] Program event: Error in Main Timer Active Window Check

D:\Git\EVE-X-Preview\src\Main_Class.ahk:53 Main_Class.Prototype.debugToolTipText.set
D:\Git\EVE-X-Preview\src\Main_Class.ahk (53) : [Main_Class.Prototype.debugToolTipText.set] ProgramLog.Error(Error(addition), "Program event")
D:\Git\EVE-X-Preview\src\Main_Class.ahk (471) : [Main_Class.Prototype.PollMainWindows] This.debugToolTipText .= "Error in Main Timer Active Window Check
"
D:\Git\EVE-X-Preview\src\Main_Class.ahk (348) : [Main_Class.Prototype.HandleMainTimer] This.PollMainWindows()
> Timer
2026-09-18 12:43:08 +124577531 [INFO] Activation focus confirmed; target=396958; foreground=396958
2026-09-18 12:43:08 +124577687 [INFO] Activation requested; target=1837564; source=396958
2026-09-18 12:43:08 +124577718 [INFO] Activation focus confirmed; target=1837564; foreground=1837564
2026-09-18 12:43:09 +124578046 [INFO] Activation requested; target=3803056; source=1837564
2026-09-18 12:43:09 +124578093 [INFO] Activation focus confirmed; target=3803056; foreground=3803056
2026-09-18 12:43:09 +124578312 [INFO] Activation requested; target=396956; source=3803056
2026-09-18 12:43:09 +124578343 [INFO] Activation focus confirmed; target=396956; foreground=396956
2026-09-18 12:43:09 +124578546 [INFO] Activation requested; target=396894; source=396956
2026-09-18 12:43:09 +124578593 [INFO] Activation focus confirmed; target=396894; foreground=396894
2026-09-18 12:43:10 +124579296 [INFO] Thumbnail action: ActivateThumbnail for: EVE - Khivus
2026-09-18 12:43:10 +124579296 [INFO] Activation requested; target=396958; source=396894
2026-09-18 12:43:10 +124579343 [INFO] Activation focus confirmed; target=396958; foreground=396958
2026-09-18 12:43:11 +124579968 [INFO] Activation requested; target=1837564; source=396958
2026-09-18 12:43:11 +124580031 [INFO] Activation focus confirmed; target=1837564; foreground=1837564
2026-09-18 12:43:11 +124580250 [INFO] Activation requested; target=462564; source=1837564
2026-09-18 12:43:11 +124580281 [ERROR] Main timer foreground check: Target window not found.
D:\Git\EVE-X-Preview\src\Main_Class.ahk:429 WinGetProcessName
D:\Git\EVE-X-Preview\src\Main_Class.ahk (429) : [WinGetProcessName] activeExe := WinGetProcessName("A")
D:\Git\EVE-X-Preview\src\Main_Class.ahk (429) : [Main_Class.Prototype.PollMainWindows] activeExe := WinGetProcessName("A")
D:\Git\EVE-X-Preview\src\Main_Class.ahk (348) : [Main_Class.Prototype.HandleMainTimer] This.PollMainWindows()
> Timer
2026-09-18 12:43:11 +124580281 [ERROR] Program event: Error in Main Timer Active Window Check

D:\Git\EVE-X-Preview\src\Main_Class.ahk:53 Main_Class.Prototype.debugToolTipText.set
D:\Git\EVE-X-Preview\src\Main_Class.ahk (53) : [Main_Class.Prototype.debugToolTipText.set] ProgramLog.Error(Error(addition), "Program event")
D:\Git\EVE-X-Preview\src\Main_Class.ahk (471) : [Main_Class.Prototype.PollMainWindows] This.debugToolTipText .= "Error in Main Timer Active Window Check
"
D:\Git\EVE-X-Preview\src\Main_Class.ahk (348) : [Main_Class.Prototype.HandleMainTimer] This.PollMainWindows()
> Timer
2026-09-18 12:43:11 +124580343 [INFO] Activation focus confirmed; target=462564; foreground=462564
2026-09-18 12:43:12 +124580906 [INFO] Activation requested; target=986496; source=462564
2026-09-18 12:43:12 +124580968 [INFO] Activation focus confirmed; target=986496; foreground=986496
2026-09-18 12:43:12 +124581156 [INFO] Activation requested; target=397052; source=986496
2026-09-18 12:43:12 +124581218 [INFO] Activation focus confirmed; target=397052; foreground=397052
2026-09-18 12:43:12 +124581375 [INFO] Activation requested; target=1838794; source=397052
2026-09-18 12:43:12 +124581406 [ERROR] Main timer foreground check: Target window not found.
D:\Git\EVE-X-Preview\src\Main_Class.ahk:429 WinGetProcessName
D:\Git\EVE-X-Preview\src\Main_Class.ahk (429) : [WinGetProcessName] activeExe := WinGetProcessName("A")
D:\Git\EVE-X-Preview\src\Main_Class.ahk (429) : [Main_Class.Prototype.PollMainWindows] activeExe := WinGetProcessName("A")
D:\Git\EVE-X-Preview\src\Main_Class.ahk (348) : [Main_Class.Prototype.HandleMainTimer] This.PollMainWindows()
> Timer
2026-09-18 12:43:12 +124581406 [ERROR] Program event: Error in Main Timer Active Window Check

D:\Git\EVE-X-Preview\src\Main_Class.ahk:53 Main_Class.Prototype.debugToolTipText.set
D:\Git\EVE-X-Preview\src\Main_Class.ahk (53) : [Main_Class.Prototype.debugToolTipText.set] ProgramLog.Error(Error(addition), "Program event")
D:\Git\EVE-X-Preview\src\Main_Class.ahk (471) : [Main_Class.Prototype.PollMainWindows] This.debugToolTipText .= "Error in Main Timer Active Window Check
"
D:\Git\EVE-X-Preview\src\Main_Class.ahk (348) : [Main_Class.Prototype.HandleMainTimer] This.PollMainWindows()
> Timer
2026-09-18 12:43:12 +124581468 [INFO] Activation focus confirmed; target=1838794; foreground=1838794
2026-09-18 12:43:12 +124581593 [INFO] Activation requested; target=12519826; source=1838794
2026-09-18 12:43:12 +124581656 [INFO] Activation focus confirmed; target=12519826; foreground=12519826
2026-09-18 12:43:12 +124581812 [INFO] Activation requested; target=396958; source=12519826
2026-09-18 12:43:13 +124581843 [ERROR] Main timer foreground check: Target window not found.
D:\Git\EVE-X-Preview\src\Main_Class.ahk:429 WinGetProcessName
D:\Git\EVE-X-Preview\src\Main_Class.ahk (429) : [WinGetProcessName] activeExe := WinGetProcessName("A")
D:\Git\EVE-X-Preview\src\Main_Class.ahk (429) : [Main_Class.Prototype.PollMainWindows] activeExe := WinGetProcessName("A")
D:\Git\EVE-X-Preview\src\Main_Class.ahk (348) : [Main_Class.Prototype.HandleMainTimer] This.PollMainWindows()
> Timer
2026-09-18 12:43:13 +124581843 [ERROR] Program event: Error in Main Timer Active Window Check

D:\Git\EVE-X-Preview\src\Main_Class.ahk:53 Main_Class.Prototype.debugToolTipText.set
D:\Git\EVE-X-Preview\src\Main_Class.ahk (53) : [Main_Class.Prototype.debugToolTipText.set] ProgramLog.Error(Error(addition), "Program event")
D:\Git\EVE-X-Preview\src\Main_Class.ahk (471) : [Main_Class.Prototype.PollMainWindows] This.debugToolTipText .= "Error in Main Timer Active Window Check
"
D:\Git\EVE-X-Preview\src\Main_Class.ahk (348) : [Main_Class.Prototype.HandleMainTimer] This.PollMainWindows()
> Timer
2026-09-18 12:43:13 +124581906 [INFO] Activation focus confirmed; target=396958; foreground=396958
2026-09-18 12:43:13 +124582046 [INFO] Activation requested; target=1837564; source=396958
2026-09-18 12:43:13 +124582093 [INFO] Activation focus confirmed; target=1837564; foreground=1837564
2026-09-18 12:43:13 +124582265 [INFO] Activation requested; target=3803056; source=1837564
2026-09-18 12:43:13 +124582296 [ERROR] Main timer foreground check: Target window not found.
D:\Git\EVE-X-Preview\src\Main_Class.ahk:429 WinGetProcessName
D:\Git\EVE-X-Preview\src\Main_Class.ahk (429) : [WinGetProcessName] activeExe := WinGetProcessName("A")
D:\Git\EVE-X-Preview\src\Main_Class.ahk (429) : [Main_Class.Prototype.PollMainWindows] activeExe := WinGetProcessName("A")
D:\Git\EVE-X-Preview\src\Main_Class.ahk (348) : [Main_Class.Prototype.HandleMainTimer] This.PollMainWindows()
> Timer
2026-09-18 12:43:13 +124582296 [ERROR] Program event: Error in Main Timer Active Window Check

D:\Git\EVE-X-Preview\src\Main_Class.ahk:53 Main_Class.Prototype.debugToolTipText.set
D:\Git\EVE-X-Preview\src\Main_Class.ahk (53) : [Main_Class.Prototype.debugToolTipText.set] ProgramLog.Error(Error(addition), "Program event")
D:\Git\EVE-X-Preview\src\Main_Class.ahk (471) : [Main_Class.Prototype.PollMainWindows] This.debugToolTipText .= "Error in Main Timer Active Window Check
"
D:\Git\EVE-X-Preview\src\Main_Class.ahk (348) : [Main_Class.Prototype.HandleMainTimer] This.PollMainWindows()
> Timer
2026-09-18 12:43:13 +124582359 [INFO] Activation focus confirmed; target=3803056; foreground=3803056
2026-09-18 12:43:13 +124582484 [INFO] Activation requested; target=396956; source=3803056
2026-09-18 12:43:13 +124582546 [INFO] Activation focus confirmed; target=396956; foreground=396956
2026-09-18 12:43:13 +124582687 [INFO] Activation requested; target=396894; source=396956
2026-09-18 12:43:13 +124582734 [ERROR] Main timer foreground check: Target window not found.
D:\Git\EVE-X-Preview\src\Main_Class.ahk:429 WinGetProcessName
D:\Git\EVE-X-Preview\src\Main_Class.ahk (429) : [WinGetProcessName] activeExe := WinGetProcessName("A")
D:\Git\EVE-X-Preview\src\Main_Class.ahk (429) : [Main_Class.Prototype.PollMainWindows] activeExe := WinGetProcessName("A")
D:\Git\EVE-X-Preview\src\Main_Class.ahk (348) : [Main_Class.Prototype.HandleMainTimer] This.PollMainWindows()
> Timer
2026-09-18 12:43:13 +124582734 [ERROR] Program event: Error in Main Timer Active Window Check

D:\Git\EVE-X-Preview\src\Main_Class.ahk:53 Main_Class.Prototype.debugToolTipText.set
D:\Git\EVE-X-Preview\src\Main_Class.ahk (53) : [Main_Class.Prototype.debugToolTipText.set] ProgramLog.Error(Error(addition), "Program event")
D:\Git\EVE-X-Preview\src\Main_Class.ahk (471) : [Main_Class.Prototype.PollMainWindows] This.debugToolTipText .= "Error in Main Timer Active Window Check
"
D:\Git\EVE-X-Preview\src\Main_Class.ahk (348) : [Main_Class.Prototype.HandleMainTimer] This.PollMainWindows()
> Timer
2026-09-18 12:43:13 +124582796 [INFO] Activation focus confirmed; target=396894; foreground=396894
2026-09-18 12:43:14 +124583234 [INFO] Activation requested; target=462564; source=396894
2026-09-18 12:43:14 +124583265 [ERROR] Main timer foreground check: Target window not found.
D:\Git\EVE-X-Preview\src\Main_Class.ahk:429 WinGetProcessName
D:\Git\EVE-X-Preview\src\Main_Class.ahk (429) : [WinGetProcessName] activeExe := WinGetProcessName("A")
D:\Git\EVE-X-Preview\src\Main_Class.ahk (429) : [Main_Class.Prototype.PollMainWindows] activeExe := WinGetProcessName("A")
D:\Git\EVE-X-Preview\src\Main_Class.ahk (348) : [Main_Class.Prototype.HandleMainTimer] This.PollMainWindows()
> Timer
2026-09-18 12:43:14 +124583265 [ERROR] Program event: Error in Main Timer Active Window Check

D:\Git\EVE-X-Preview\src\Main_Class.ahk:53 Main_Class.Prototype.debugToolTipText.set
D:\Git\EVE-X-Preview\src\Main_Class.ahk (53) : [Main_Class.Prototype.debugToolTipText.set] ProgramLog.Error(Error(addition), "Program event")
D:\Git\EVE-X-Preview\src\Main_Class.ahk (471) : [Main_Class.Prototype.PollMainWindows] This.debugToolTipText .= "Error in Main Timer Active Window Check
"
D:\Git\EVE-X-Preview\src\Main_Class.ahk (348) : [Main_Class.Prototype.HandleMainTimer] This.PollMainWindows()
> Timer
2026-09-18 12:43:14 +124583328 [INFO] Activation focus confirmed; target=462564; foreground=462564
2026-09-18 12:43:24 +124593359 [INFO] Activation requested; target=986496; source=462564
2026-09-18 12:43:24 +124593390 [INFO] Activation focus confirmed; target=986496; foreground=986496
2026-09-18 12:43:25 +124593843 [INFO] Activation requested; target=397052; source=986496
2026-09-18 12:43:25 +124593890 [INFO] Activation focus confirmed; target=397052; foreground=397052
2026-09-18 12:43:25 +124594062 [INFO] Activation requested; target=1838794; source=397052
2026-09-18 12:43:25 +124594093 [ERROR] Main timer foreground check: Target window not found.
D:\Git\EVE-X-Preview\src\Main_Class.ahk:429 WinGetProcessName
D:\Git\EVE-X-Preview\src\Main_Class.ahk (429) : [WinGetProcessName] activeExe := WinGetProcessName("A")
D:\Git\EVE-X-Preview\src\Main_Class.ahk (429) : [Main_Class.Prototype.PollMainWindows] activeExe := WinGetProcessName("A")
D:\Git\EVE-X-Preview\src\Main_Class.ahk (348) : [Main_Class.Prototype.HandleMainTimer] This.PollMainWindows()
> Timer
2026-09-18 12:43:25 +124594093 [ERROR] Program event: Error in Main Timer Active Window Check

D:\Git\EVE-X-Preview\src\Main_Class.ahk:53 Main_Class.Prototype.debugToolTipText.set
D:\Git\EVE-X-Preview\src\Main_Class.ahk (53) : [Main_Class.Prototype.debugToolTipText.set] ProgramLog.Error(Error(addition), "Program event")
D:\Git\EVE-X-Preview\src\Main_Class.ahk (471) : [Main_Class.Prototype.PollMainWindows] This.debugToolTipText .= "Error in Main Timer Active Window Check
"
D:\Git\EVE-X-Preview\src\Main_Class.ahk (348) : [Main_Class.Prototype.HandleMainTimer] This.PollMainWindows()
> Timer
2026-09-18 12:43:25 +124594156 [INFO] Activation focus confirmed; target=1838794; foreground=1838794
2026-09-18 12:43:25 +124594234 [INFO] Activation requested; target=12519826; source=1838794
2026-09-18 12:43:25 +124594281 [INFO] Activation focus confirmed; target=12519826; foreground=12519826
2026-09-18 12:43:25 +124594390 [INFO] Activation requested; target=396958; source=12519826
2026-09-18 12:43:25 +124594421 [ERROR] Main timer foreground check: Target window not found.
D:\Git\EVE-X-Preview\src\Main_Class.ahk:429 WinGetProcessName
D:\Git\EVE-X-Preview\src\Main_Class.ahk (429) : [WinGetProcessName] activeExe := WinGetProcessName("A")
D:\Git\EVE-X-Preview\src\Main_Class.ahk (429) : [Main_Class.Prototype.PollMainWindows] activeExe := WinGetProcessName("A")
D:\Git\EVE-X-Preview\src\Main_Class.ahk (348) : [Main_Class.Prototype.HandleMainTimer] This.PollMainWindows()
> Timer
2026-09-18 12:43:25 +124594421 [ERROR] Program event: Error in Main Timer Active Window Check

D:\Git\EVE-X-Preview\src\Main_Class.ahk:53 Main_Class.Prototype.debugToolTipText.set
D:\Git\EVE-X-Preview\src\Main_Class.ahk (53) : [Main_Class.Prototype.debugToolTipText.set] ProgramLog.Error(Error(addition), "Program event")
D:\Git\EVE-X-Preview\src\Main_Class.ahk (471) : [Main_Class.Prototype.PollMainWindows] This.debugToolTipText .= "Error in Main Timer Active Window Check
"
D:\Git\EVE-X-Preview\src\Main_Class.ahk (348) : [Main_Class.Prototype.HandleMainTimer] This.PollMainWindows()
> Timer
2026-09-18 12:43:25 +124594484 [INFO] Activation focus confirmed; target=396958; foreground=396958
2026-09-18 12:43:25 +124594562 [INFO] Activation requested; target=1837564; source=396958
2026-09-18 12:43:25 +124594609 [INFO] Activation focus confirmed; target=1837564; foreground=1837564
2026-09-18 12:43:25 +124594718 [INFO] Activation requested; target=3803056; source=1837564
2026-09-18 12:43:25 +124594750 [ERROR] Main timer foreground check: Target window not found.
D:\Git\EVE-X-Preview\src\Main_Class.ahk:429 WinGetProcessName
D:\Git\EVE-X-Preview\src\Main_Class.ahk (429) : [WinGetProcessName] activeExe := WinGetProcessName("A")
D:\Git\EVE-X-Preview\src\Main_Class.ahk (429) : [Main_Class.Prototype.PollMainWindows] activeExe := WinGetProcessName("A")
D:\Git\EVE-X-Preview\src\Main_Class.ahk (348) : [Main_Class.Prototype.HandleMainTimer] This.PollMainWindows()
> Timer
2026-09-18 12:43:25 +124594750 [ERROR] Program event: Error in Main Timer Active Window Check

D:\Git\EVE-X-Preview\src\Main_Class.ahk:53 Main_Class.Prototype.debugToolTipText.set
D:\Git\EVE-X-Preview\src\Main_Class.ahk (53) : [Main_Class.Prototype.debugToolTipText.set] ProgramLog.Error(Error(addition), "Program event")
D:\Git\EVE-X-Preview\src\Main_Class.ahk (471) : [Main_Class.Prototype.PollMainWindows] This.debugToolTipText .= "Error in Main Timer Active Window Check
"
D:\Git\EVE-X-Preview\src\Main_Class.ahk (348) : [Main_Class.Prototype.HandleMainTimer] This.PollMainWindows()
> Timer
2026-09-18 12:43:25 +124594812 [INFO] Activation focus confirmed; target=3803056; foreground=3803056
2026-09-18 12:43:26 +124594890 [INFO] Activation requested; target=396956; source=3803056
2026-09-18 12:43:26 +124594937 [INFO] Activation focus confirmed; target=396956; foreground=396956
2026-09-18 12:43:26 +124595062 [INFO] Activation requested; target=396894; source=396956
2026-09-18 12:43:26 +124595125 [INFO] Activation focus confirmed; target=396894; foreground=396894
2026-09-18 12:43:26 +124595593 [INFO] Activation requested; target=462564; source=396894
2026-09-18 12:43:26 +124595625 [INFO] Activation focus confirmed; target=462564; foreground=462564
2026-09-18 12:43:53 +124621875 [INFO] handleEventActivation: event fleetWarped triggered for: EVE - Alyosha your Daddy
2026-09-18 12:43:53 +124621875 [INFO] handleEventActivation: event fleetWarped triggered for: EVE - Bubri4
2026-09-18 12:43:53 +124621875 [INFO] handleEventActivation: event fleetWarped triggered for: EVE - Tapira Osaki
2026-09-18 12:43:54 +124622875 [INFO] handleEventActivation: event fleetWarped triggered for: EVE - Khan Lover
2026-09-18 12:43:54 +124622875 [INFO] handleEventActivation: event fleetWarped triggered for: EVE - Khivus
2026-09-18 12:43:54 +124622890 [INFO] handleEventActivation: event fleetWarped triggered for: EVE - Rakkadan Aihaken
2026-09-18 12:43:54 +124622890 [INFO] handleEventActivation: event fleetWarped triggered for: EVE - Svyatoslav Trubochist
2026-09-18 12:43:54 +124622890 [INFO] handleEventActivation: event fleetWarped triggered for: EVE - Takashin Agi
2026-09-18 12:43:54 +124622906 [INFO] handleEventActivation: event fleetWarped triggered for: EVE - iBlackMan
2026-09-18 12:43:56 +124624875 [INFO] endEvent: event ended for: EVE - Takashin Agi
2026-09-18 12:43:56 +124624890 [INFO] handleEventActivation: event stoppedShooting triggered for: EVE - Takashin Agi
2026-09-18 12:43:58 +124626890 [INFO] endEvent: event ended for: EVE - Alyosha your Daddy
2026-09-18 12:43:58 +124626890 [INFO] handleEventActivation: event stoppedShooting triggered for: EVE - Alyosha your Daddy
2026-09-18 12:43:58 +124626906 [INFO] endEvent: event ended for: EVE - Bubri4
2026-09-18 12:43:58 +124626906 [INFO] handleEventActivation: event stoppedShooting triggered for: EVE - Bubri4
2026-09-18 12:43:58 +124626906 [INFO] endEvent: event ended for: EVE - Khan Lover
2026-09-18 12:43:58 +124626906 [INFO] handleEventActivation: event stoppedShooting triggered for: EVE - Khan Lover
2026-09-18 12:43:58 +124626906 [INFO] endEvent: event ended for: EVE - Rakkadan Aihaken
2026-09-18 12:43:58 +124626906 [INFO] handleEventActivation: event stoppedShooting triggered for: EVE - Rakkadan Aihaken
2026-09-18 12:43:58 +124626921 [INFO] endEvent: event ended for: EVE - iBlackMan
2026-09-18 12:43:58 +124626921 [INFO] handleEventActivation: event stoppedShooting triggered for: EVE - iBlackMan
2026-09-18 12:43:59 +124627875 [INFO] endEvent: event ended for: EVE - Khivus
2026-09-18 12:43:59 +124627875 [INFO] handleEventActivation: event stoppedShooting triggered for: EVE - Khivus
2026-09-18 12:43:59 +124627890 [INFO] endEvent: event ended for: EVE - Svyatoslav Trubochist
2026-09-18 12:43:59 +124627890 [INFO] handleEventActivation: event stoppedShooting triggered for: EVE - Svyatoslav Trubochist
2026-09-18 12:43:59 +124627890 [INFO] endEvent: event ended for: EVE - Tapira Osaki
2026-09-18 12:43:59 +124627890 [INFO] handleEventActivation: event stoppedShooting triggered for: EVE - Tapira Osaki
2026-09-18 12:44:08 +124637109 [INFO] Activation requested; target=986496; source=462564
2026-09-18 12:44:08 +124637140 [ERROR] Main timer foreground check: Target window not found.
D:\Git\EVE-X-Preview\src\Main_Class.ahk:429 WinGetProcessName
D:\Git\EVE-X-Preview\src\Main_Class.ahk (429) : [WinGetProcessName] activeExe := WinGetProcessName("A")
D:\Git\EVE-X-Preview\src\Main_Class.ahk (429) : [Main_Class.Prototype.PollMainWindows] activeExe := WinGetProcessName("A")
D:\Git\EVE-X-Preview\src\Main_Class.ahk (348) : [Main_Class.Prototype.HandleMainTimer] This.PollMainWindows()
> Timer
2026-09-18 12:44:08 +124637140 [ERROR] Program event: Error in Main Timer Active Window Check

D:\Git\EVE-X-Preview\src\Main_Class.ahk:53 Main_Class.Prototype.debugToolTipText.set
D:\Git\EVE-X-Preview\src\Main_Class.ahk (53) : [Main_Class.Prototype.debugToolTipText.set] ProgramLog.Error(Error(addition), "Program event")
D:\Git\EVE-X-Preview\src\Main_Class.ahk (471) : [Main_Class.Prototype.PollMainWindows] This.debugToolTipText .= "Error in Main Timer Active Window Check
"
D:\Git\EVE-X-Preview\src\Main_Class.ahk (348) : [Main_Class.Prototype.HandleMainTimer] This.PollMainWindows()
> Timer
2026-09-18 12:44:08 +124637203 [INFO] Activation focus confirmed; target=986496; foreground=986496
2026-09-18 12:44:08 +124637203 [INFO] endEvent: event ended for: EVE - Alyosha your Daddy
2026-09-18 12:44:08 +124637343 [INFO] Activation requested; target=397052; source=986496
2026-09-18 12:44:08 +124637390 [INFO] Activation focus confirmed; target=397052; foreground=397052
2026-09-18 12:44:08 +124637390 [INFO] endEvent: event ended for: EVE - Bubri4
2026-09-18 12:44:08 +124637500 [INFO] Activation requested; target=1838794; source=397052
2026-09-18 12:44:08 +124637531 [ERROR] Main timer foreground check: Target window not found.
D:\Git\EVE-X-Preview\src\Main_Class.ahk:429 WinGetProcessName
D:\Git\EVE-X-Preview\src\Main_Class.ahk (429) : [WinGetProcessName] activeExe := WinGetProcessName("A")
D:\Git\EVE-X-Preview\src\Main_Class.ahk (429) : [Main_Class.Prototype.PollMainWindows] activeExe := WinGetProcessName("A")
D:\Git\EVE-X-Preview\src\Main_Class.ahk (348) : [Main_Class.Prototype.HandleMainTimer] This.PollMainWindows()
> Timer
2026-09-18 12:44:08 +124637531 [ERROR] Program event: Error in Main Timer Active Window Check

D:\Git\EVE-X-Preview\src\Main_Class.ahk:53 Main_Class.Prototype.debugToolTipText.set
D:\Git\EVE-X-Preview\src\Main_Class.ahk (53) : [Main_Class.Prototype.debugToolTipText.set] ProgramLog.Error(Error(addition), "Program event")
D:\Git\EVE-X-Preview\src\Main_Class.ahk (471) : [Main_Class.Prototype.PollMainWindows] This.debugToolTipText .= "Error in Main Timer Active Window Check
"
D:\Git\EVE-X-Preview\src\Main_Class.ahk (348) : [Main_Class.Prototype.HandleMainTimer] This.PollMainWindows()
> Timer
2026-09-18 12:44:08 +124637593 [INFO] Activation focus confirmed; target=1838794; foreground=1838794
2026-09-18 12:44:08 +124637593 [INFO] endEvent: event ended for: EVE - iBlackMan
2026-09-18 12:44:08 +124637656 [INFO] Activation requested; target=12519826; source=1838794
2026-09-18 12:44:08 +124637718 [INFO] Activation focus confirmed; target=12519826; foreground=12519826
2026-09-18 12:44:08 +124637718 [INFO] endEvent: event ended for: EVE - Khan Lover
2026-09-18 12:44:08 +124637812 [INFO] Activation requested; target=396958; source=12519826
2026-09-18 12:44:09 +124637843 [INFO] Activation focus confirmed; target=396958; foreground=396958
2026-09-18 12:44:09 +124637843 [INFO] endEvent: event ended for: EVE - Khivus
2026-09-18 12:44:09 +124637968 [INFO] Activation requested; target=1837564; source=396958
2026-09-18 12:44:09 +124638031 [INFO] Activation focus confirmed; target=1837564; foreground=1837564
2026-09-18 12:44:09 +124638031 [INFO] endEvent: event ended for: EVE - Rakkadan Aihaken
2026-09-18 12:44:09 +124638109 [INFO] Activation requested; target=3803056; source=1837564
2026-09-18 12:44:09 +124638156 [INFO] Activation focus confirmed; target=3803056; foreground=3803056
2026-09-18 12:44:09 +124638156 [INFO] endEvent: event ended for: EVE - Svyatoslav Trubochist
2026-09-18 12:44:09 +124638281 [INFO] Activation requested; target=396956; source=3803056
2026-09-18 12:44:09 +124638343 [INFO] Activation focus confirmed; target=396956; foreground=396956
2026-09-18 12:44:09 +124638343 [INFO] endEvent: event ended for: EVE - Takashin Agi
2026-09-18 12:44:09 +124638453 [INFO] Activation requested; target=396894; source=396956
2026-09-18 12:44:09 +124638484 [INFO] Activation focus confirmed; target=396894; foreground=396894
2026-09-18 12:44:09 +124638484 [INFO] endEvent: event ended for: EVE - Tapira Osaki
2026-09-18 12:44:09 +124638750 [INFO] Activation requested; target=462564; source=396894
2026-09-18 12:44:09 +124638796 [INFO] Activation focus confirmed; target=462564; foreground=462564
2026-09-18 12:44:10 +124639828 [INFO] Activation requested; target=986496; source=462564
2026-09-18 12:44:11 +124639859 [INFO] Activation focus confirmed; target=986496; foreground=986496
2026-09-18 12:44:11 +124640203 [INFO] Activation requested; target=397052; source=986496
2026-09-18 12:44:11 +124640234 [INFO] Activation focus confirmed; target=397052; foreground=397052
2026-09-18 12:44:11 +124640578 [INFO] Activation requested; target=1838794; source=397052
2026-09-18 12:44:11 +124640625 [INFO] Activation focus confirmed; target=1838794; foreground=1838794
2026-09-18 12:44:12 +124640984 [INFO] Activation requested; target=12519826; source=1838794
2026-09-18 12:44:12 +124641015 [ERROR] Main timer foreground check: Target window not found.
D:\Git\EVE-X-Preview\src\Main_Class.ahk:429 WinGetProcessName
D:\Git\EVE-X-Preview\src\Main_Class.ahk (429) : [WinGetProcessName] activeExe := WinGetProcessName("A")
D:\Git\EVE-X-Preview\src\Main_Class.ahk (429) : [Main_Class.Prototype.PollMainWindows] activeExe := WinGetProcessName("A")
D:\Git\EVE-X-Preview\src\Main_Class.ahk (348) : [Main_Class.Prototype.HandleMainTimer] This.PollMainWindows()
> Timer
2026-09-18 12:44:12 +124641015 [ERROR] Program event: Error in Main Timer Active Window Check

D:\Git\EVE-X-Preview\src\Main_Class.ahk:53 Main_Class.Prototype.debugToolTipText.set
D:\Git\EVE-X-Preview\src\Main_Class.ahk (53) : [Main_Class.Prototype.debugToolTipText.set] ProgramLog.Error(Error(addition), "Program event")
D:\Git\EVE-X-Preview\src\Main_Class.ahk (471) : [Main_Class.Prototype.PollMainWindows] This.debugToolTipText .= "Error in Main Timer Active Window Check
"
D:\Git\EVE-X-Preview\src\Main_Class.ahk (348) : [Main_Class.Prototype.HandleMainTimer] This.PollMainWindows()
> Timer
2026-09-18 12:44:12 +124641078 [INFO] Activation focus confirmed; target=12519826; foreground=12519826
2026-09-18 12:44:12 +124641359 [INFO] Activation requested; target=396958; source=12519826
2026-09-18 12:44:12 +124641390 [INFO] Activation focus confirmed; target=396958; foreground=396958
2026-09-18 12:44:12 +124641734 [INFO] Activation requested; target=1837564; source=396958
2026-09-18 12:44:12 +124641765 [INFO] Activation focus confirmed; target=1837564; foreground=1837564
2026-09-18 12:44:13 +124642093 [INFO] Activation requested; target=3803056; source=1837564
2026-09-18 12:44:13 +124642140 [INFO] Activation focus confirmed; target=3803056; foreground=3803056
2026-09-18 12:44:13 +124642453 [INFO] Activation requested; target=396956; source=3803056
2026-09-18 12:44:13 +124642515 [INFO] Activation focus confirmed; target=396956; foreground=396956
2026-09-18 12:44:13 +124642812 [INFO] Activation requested; target=396894; source=396956
2026-09-18 12:44:14 +124642843 [ERROR] Main timer foreground check: Target window not found.
D:\Git\EVE-X-Preview\src\Main_Class.ahk:429 WinGetProcessName
D:\Git\EVE-X-Preview\src\Main_Class.ahk (429) : [WinGetProcessName] activeExe := WinGetProcessName("A")
D:\Git\EVE-X-Preview\src\Main_Class.ahk (429) : [Main_Class.Prototype.PollMainWindows] activeExe := WinGetProcessName("A")
D:\Git\EVE-X-Preview\src\Main_Class.ahk (348) : [Main_Class.Prototype.HandleMainTimer] This.PollMainWindows()
> Timer
2026-09-18 12:44:14 +124642843 [ERROR] Program event: Error in Main Timer Active Window Check

D:\Git\EVE-X-Preview\src\Main_Class.ahk:53 Main_Class.Prototype.debugToolTipText.set
D:\Git\EVE-X-Preview\src\Main_Class.ahk (53) : [Main_Class.Prototype.debugToolTipText.set] ProgramLog.Error(Error(addition), "Program event")
D:\Git\EVE-X-Preview\src\Main_Class.ahk (471) : [Main_Class.Prototype.PollMainWindows] This.debugToolTipText .= "Error in Main Timer Active Window Check
"
D:\Git\EVE-X-Preview\src\Main_Class.ahk (348) : [Main_Class.Prototype.HandleMainTimer] This.PollMainWindows()
> Timer
2026-09-18 12:44:14 +124642906 [INFO] Activation focus confirmed; target=396894; foreground=396894
2026-09-18 12:44:14 +124643203 [INFO] Activation requested; target=462564; source=396894
2026-09-18 12:44:14 +124643234 [ERROR] Main timer foreground check: Target window not found.
D:\Git\EVE-X-Preview\src\Main_Class.ahk:429 WinGetProcessName
D:\Git\EVE-X-Preview\src\Main_Class.ahk (429) : [WinGetProcessName] activeExe := WinGetProcessName("A")
D:\Git\EVE-X-Preview\src\Main_Class.ahk (429) : [Main_Class.Prototype.PollMainWindows] activeExe := WinGetProcessName("A")
D:\Git\EVE-X-Preview\src\Main_Class.ahk (348) : [Main_Class.Prototype.HandleMainTimer] This.PollMainWindows()
> Timer
2026-09-18 12:44:14 +124643234 [ERROR] Program event: Error in Main Timer Active Window Check

D:\Git\EVE-X-Preview\src\Main_Class.ahk:53 Main_Class.Prototype.debugToolTipText.set
D:\Git\EVE-X-Preview\src\Main_Class.ahk (53) : [Main_Class.Prototype.debugToolTipText.set] ProgramLog.Error(Error(addition), "Program event")
D:\Git\EVE-X-Preview\src\Main_Class.ahk (471) : [Main_Class.Prototype.PollMainWindows] This.debugToolTipText .= "Error in Main Timer Active Window Check
"
D:\Git\EVE-X-Preview\src\Main_Class.ahk (348) : [Main_Class.Prototype.HandleMainTimer] This.PollMainWindows()
> Timer
2026-09-18 12:44:14 +124643296 [INFO] Activation focus confirmed; target=462564; foreground=462564
2026-09-18 12:44:35 +124663875 [INFO] handleEventActivation: event fleetWarped triggered for: EVE - Bubri4
2026-09-18 12:44:35 +124663875 [INFO] handleEventActivation: event fleetWarped triggered for: EVE - Khan Lover
2026-09-18 12:44:35 +124663875 [INFO] handleEventActivation: event fleetWarped triggered for: EVE - Khivus
2026-09-18 12:44:35 +124663875 [INFO] handleEventActivation: event fleetWarped triggered for: EVE - Svyatoslav Trubochist
2026-09-18 12:44:35 +124663875 [INFO] handleEventActivation: event fleetWarped triggered for: EVE - Tapira Osaki
2026-09-18 12:44:35 +124663890 [INFO] handleEventActivation: event fleetWarped triggered for: EVE - iBlackMan
2026-09-18 12:44:36 +124664875 [INFO] handleEventActivation: event fleetWarped triggered for: EVE - Alyosha your Daddy
2026-09-18 12:44:36 +124664875 [INFO] handleEventActivation: event fleetWarped triggered for: EVE - Rakkadan Aihaken
2026-09-18 12:44:36 +124664875 [INFO] handleEventActivation: event fleetWarped triggered for: EVE - Takashin Agi
2026-09-18 12:44:40 +124669687 [INFO] Activation requested; target=986496; source=462564
2026-09-18 12:44:40 +124669734 [ERROR] Main timer foreground check: Target window not found.
D:\Git\EVE-X-Preview\src\Main_Class.ahk:429 WinGetProcessName
D:\Git\EVE-X-Preview\src\Main_Class.ahk (429) : [WinGetProcessName] activeExe := WinGetProcessName("A")
D:\Git\EVE-X-Preview\src\Main_Class.ahk (429) : [Main_Class.Prototype.PollMainWindows] activeExe := WinGetProcessName("A")
D:\Git\EVE-X-Preview\src\Main_Class.ahk (348) : [Main_Class.Prototype.HandleMainTimer] This.PollMainWindows()
> Timer
2026-09-18 12:44:40 +124669734 [ERROR] Program event: Error in Main Timer Active Window Check

D:\Git\EVE-X-Preview\src\Main_Class.ahk:53 Main_Class.Prototype.debugToolTipText.set
D:\Git\EVE-X-Preview\src\Main_Class.ahk (53) : [Main_Class.Prototype.debugToolTipText.set] ProgramLog.Error(Error(addition), "Program event")
D:\Git\EVE-X-Preview\src\Main_Class.ahk (471) : [Main_Class.Prototype.PollMainWindows] This.debugToolTipText .= "Error in Main Timer Active Window Check
"
D:\Git\EVE-X-Preview\src\Main_Class.ahk (348) : [Main_Class.Prototype.HandleMainTimer] This.PollMainWindows()
> Timer
2026-09-18 12:44:40 +124669796 [INFO] Activation focus confirmed; target=986496; foreground=986496
2026-09-18 12:44:40 +124669796 [INFO] endEvent: event ended for: EVE - Alyosha your Daddy
2026-09-18 12:44:41 +124670406 [INFO] Activation requested; target=462564; source=986496
2026-09-18 12:44:41 +124670453 [INFO] Activation focus confirmed; target=462564; foreground=462564
2026-09-18 12:44:42 +124671640 [INFO] Activation requested; target=986496; source=462564
2026-09-18 12:44:42 +124671671 [ERROR] Main timer foreground check: Target window not found.
D:\Git\EVE-X-Preview\src\Main_Class.ahk:429 WinGetProcessName
D:\Git\EVE-X-Preview\src\Main_Class.ahk (429) : [WinGetProcessName] activeExe := WinGetProcessName("A")
D:\Git\EVE-X-Preview\src\Main_Class.ahk (429) : [Main_Class.Prototype.PollMainWindows] activeExe := WinGetProcessName("A")
D:\Git\EVE-X-Preview\src\Main_Class.ahk (348) : [Main_Class.Prototype.HandleMainTimer] This.PollMainWindows()
> Timer
2026-09-18 12:44:42 +124671671 [ERROR] Program event: Error in Main Timer Active Window Check

D:\Git\EVE-X-Preview\src\Main_Class.ahk:53 Main_Class.Prototype.debugToolTipText.set
D:\Git\EVE-X-Preview\src\Main_Class.ahk (53) : [Main_Class.Prototype.debugToolTipText.set] ProgramLog.Error(Error(addition), "Program event")
D:\Git\EVE-X-Preview\src\Main_Class.ahk (471) : [Main_Class.Prototype.PollMainWindows] This.debugToolTipText .= "Error in Main Timer Active Window Check
"
D:\Git\EVE-X-Preview\src\Main_Class.ahk (348) : [Main_Class.Prototype.HandleMainTimer] This.PollMainWindows()
> Timer
2026-09-18 12:44:42 +124671734 [INFO] Activation focus confirmed; target=986496; foreground=986496
2026-09-18 12:44:43 +124672078 [INFO] Activation requested; target=462564; source=986496
2026-09-18 12:44:43 +124672109 [ERROR] Main timer foreground check: Target window not found.
D:\Git\EVE-X-Preview\src\Main_Class.ahk:429 WinGetProcessName
D:\Git\EVE-X-Preview\src\Main_Class.ahk (429) : [WinGetProcessName] activeExe := WinGetProcessName("A")
D:\Git\EVE-X-Preview\src\Main_Class.ahk (429) : [Main_Class.Prototype.PollMainWindows] activeExe := WinGetProcessName("A")
D:\Git\EVE-X-Preview\src\Main_Class.ahk (348) : [Main_Class.Prototype.HandleMainTimer] This.PollMainWindows()
> Timer
2026-09-18 12:44:43 +124672109 [ERROR] Program event: Error in Main Timer Active Window Check

D:\Git\EVE-X-Preview\src\Main_Class.ahk:53 Main_Class.Prototype.debugToolTipText.set
D:\Git\EVE-X-Preview\src\Main_Class.ahk (53) : [Main_Class.Prototype.debugToolTipText.set] ProgramLog.Error(Error(addition), "Program event")
D:\Git\EVE-X-Preview\src\Main_Class.ahk (471) : [Main_Class.Prototype.PollMainWindows] This.debugToolTipText .= "Error in Main Timer Active Window Check
"
D:\Git\EVE-X-Preview\src\Main_Class.ahk (348) : [Main_Class.Prototype.HandleMainTimer] This.PollMainWindows()
> Timer
2026-09-18 12:44:43 +124672171 [INFO] Activation focus confirmed; target=462564; foreground=462564
2026-09-18 12:45:35 +124723875 [INFO] endEvent: event ended for: EVE - Bubri4
2026-09-18 12:45:35 +124723875 [INFO] endEvent: event ended for: EVE - Khan Lover
2026-09-18 12:45:35 +124723875 [INFO] endEvent: event ended for: EVE - Khivus
2026-09-18 12:45:35 +124723875 [INFO] endEvent: event ended for: EVE - Svyatoslav Trubochist
2026-09-18 12:45:35 +124723890 [INFO] endEvent: event ended for: EVE - Tapira Osaki
2026-09-18 12:45:35 +124723890 [INFO] endEvent: event ended for: EVE - iBlackMan
2026-09-18 12:45:36 +124724875 [INFO] endEvent: event ended for: EVE - Rakkadan Aihaken
2026-09-18 12:45:36 +124724890 [INFO] endEvent: event ended for: EVE - Takashin Agi
2026-09-18 12:45:43 +124732218 [INFO] Activation requested; target=986496; source=462564
2026-09-18 12:45:43 +124732250 [ERROR] Main timer foreground check: Target window not found.
D:\Git\EVE-X-Preview\src\Main_Class.ahk:429 WinGetProcessName
D:\Git\EVE-X-Preview\src\Main_Class.ahk (429) : [WinGetProcessName] activeExe := WinGetProcessName("A")
D:\Git\EVE-X-Preview\src\Main_Class.ahk (429) : [Main_Class.Prototype.PollMainWindows] activeExe := WinGetProcessName("A")
D:\Git\EVE-X-Preview\src\Main_Class.ahk (348) : [Main_Class.Prototype.HandleMainTimer] This.PollMainWindows()
> Timer
2026-09-18 12:45:43 +124732250 [ERROR] Program event: Error in Main Timer Active Window Check

D:\Git\EVE-X-Preview\src\Main_Class.ahk:53 Main_Class.Prototype.debugToolTipText.set
D:\Git\EVE-X-Preview\src\Main_Class.ahk (53) : [Main_Class.Prototype.debugToolTipText.set] ProgramLog.Error(Error(addition), "Program event")
D:\Git\EVE-X-Preview\src\Main_Class.ahk (471) : [Main_Class.Prototype.PollMainWindows] This.debugToolTipText .= "Error in Main Timer Active Window Check
"
D:\Git\EVE-X-Preview\src\Main_Class.ahk (348) : [Main_Class.Prototype.HandleMainTimer] This.PollMainWindows()
> Timer
2026-09-18 12:45:43 +124732312 [INFO] Activation focus confirmed; target=986496; foreground=986496
2026-09-18 12:45:43 +124732562 [INFO] Activation requested; target=397052; source=986496
2026-09-18 12:45:43 +124732625 [INFO] Activation focus confirmed; target=397052; foreground=397052
2026-09-18 12:45:44 +124732890 [INFO] Activation requested; target=1838794; source=397052
2026-09-18 12:45:44 +124732937 [INFO] Activation focus confirmed; target=1838794; foreground=1838794
2026-09-18 12:45:44 +124733234 [INFO] Activation requested; target=12519826; source=1838794
2026-09-18 12:45:44 +124733265 [INFO] Activation focus confirmed; target=12519826; foreground=12519826
2026-09-18 12:45:44 +124733562 [INFO] Activation requested; target=396958; source=12519826
2026-09-18 12:45:44 +124733593 [INFO] Activation focus confirmed; target=396958; foreground=396958
2026-09-18 12:45:45 +124733906 [INFO] Activation requested; target=1837564; source=396958
2026-09-18 12:45:45 +124733968 [INFO] Activation focus confirmed; target=1837564; foreground=1837564
2026-09-18 12:45:45 +124734250 [INFO] Activation requested; target=3803056; source=1837564
2026-09-18 12:45:45 +124734281 [INFO] Activation focus confirmed; target=3803056; foreground=3803056
2026-09-18 12:45:45 +124734593 [INFO] Activation requested; target=396956; source=3803056
2026-09-18 12:45:45 +124734656 [INFO] Activation focus confirmed; target=396956; foreground=396956
2026-09-18 12:45:46 +124734953 [INFO] Activation requested; target=396894; source=396956
2026-09-18 12:45:46 +124735000 [INFO] Activation focus confirmed; target=396894; foreground=396894
2026-09-18 12:45:46 +124735531 [INFO] Activation requested; target=986496; source=396894
2026-09-18 12:45:46 +124735562 [ERROR] Main timer foreground check: Target window not found.
D:\Git\EVE-X-Preview\src\Main_Class.ahk:429 WinGetProcessName
D:\Git\EVE-X-Preview\src\Main_Class.ahk (429) : [WinGetProcessName] activeExe := WinGetProcessName("A")
D:\Git\EVE-X-Preview\src\Main_Class.ahk (429) : [Main_Class.Prototype.PollMainWindows] activeExe := WinGetProcessName("A")
D:\Git\EVE-X-Preview\src\Main_Class.ahk (348) : [Main_Class.Prototype.HandleMainTimer] This.PollMainWindows()
> Timer
2026-09-18 12:45:46 +124735562 [ERROR] Program event: Error in Main Timer Active Window Check

D:\Git\EVE-X-Preview\src\Main_Class.ahk:53 Main_Class.Prototype.debugToolTipText.set
D:\Git\EVE-X-Preview\src\Main_Class.ahk (53) : [Main_Class.Prototype.debugToolTipText.set] ProgramLog.Error(Error(addition), "Program event")
D:\Git\EVE-X-Preview\src\Main_Class.ahk (471) : [Main_Class.Prototype.PollMainWindows] This.debugToolTipText .= "Error in Main Timer Active Window Check
"
D:\Git\EVE-X-Preview\src\Main_Class.ahk (348) : [Main_Class.Prototype.HandleMainTimer] This.PollMainWindows()
> Timer
2026-09-18 12:45:46 +124735625 [INFO] Activation focus confirmed; target=986496; foreground=986496
2026-09-18 12:45:47 +124736093 [INFO] Activation requested; target=397052; source=986496
2026-09-18 12:45:47 +124736125 [ERROR] Main timer foreground check: Target window not found.
D:\Git\EVE-X-Preview\src\Main_Class.ahk:429 WinGetProcessName
D:\Git\EVE-X-Preview\src\Main_Class.ahk (429) : [WinGetProcessName] activeExe := WinGetProcessName("A")
D:\Git\EVE-X-Preview\src\Main_Class.ahk (429) : [Main_Class.Prototype.PollMainWindows] activeExe := WinGetProcessName("A")
D:\Git\EVE-X-Preview\src\Main_Class.ahk (348) : [Main_Class.Prototype.HandleMainTimer] This.PollMainWindows()
> Timer
2026-09-18 12:45:47 +124736125 [ERROR] Program event: Error in Main Timer Active Window Check

D:\Git\EVE-X-Preview\src\Main_Class.ahk:53 Main_Class.Prototype.debugToolTipText.set
D:\Git\EVE-X-Preview\src\Main_Class.ahk (53) : [Main_Class.Prototype.debugToolTipText.set] ProgramLog.Error(Error(addition), "Program event")
D:\Git\EVE-X-Preview\src\Main_Class.ahk (471) : [Main_Class.Prototype.PollMainWindows] This.debugToolTipText .= "Error in Main Timer Active Window Check
"
D:\Git\EVE-X-Preview\src\Main_Class.ahk (348) : [Main_Class.Prototype.HandleMainTimer] This.PollMainWindows()
> Timer
2026-09-18 12:45:47 +124736187 [INFO] Activation focus confirmed; target=397052; foreground=397052
2026-09-18 12:45:47 +124736437 [INFO] Activation requested; target=1838794; source=397052
2026-09-18 12:45:47 +124736500 [INFO] Activation focus confirmed; target=1838794; foreground=1838794
2026-09-18 12:45:47 +124736781 [INFO] Activation requested; target=12519826; source=1838794
2026-09-18 12:45:47 +124736812 [INFO] Activation focus confirmed; target=12519826; foreground=12519826
2026-09-18 12:45:48 +124737109 [INFO] Activation requested; target=396958; source=12519826
2026-09-18 12:45:48 +124737140 [INFO] Activation focus confirmed; target=396958; foreground=396958
2026-09-18 12:45:48 +124737453 [INFO] Activation requested; target=1837564; source=396958
2026-09-18 12:45:48 +124737515 [INFO] Activation focus confirmed; target=1837564; foreground=1837564
2026-09-18 12:45:48 +124737781 [INFO] Activation requested; target=3803056; source=1837564
2026-09-18 12:45:48 +124737828 [INFO] Activation focus confirmed; target=3803056; foreground=3803056
2026-09-18 12:45:49 +124738125 [INFO] Activation requested; target=396956; source=3803056
2026-09-18 12:45:49 +124738156 [ERROR] Main timer foreground check: Target window not found.
D:\Git\EVE-X-Preview\src\Main_Class.ahk:429 WinGetProcessName
D:\Git\EVE-X-Preview\src\Main_Class.ahk (429) : [WinGetProcessName] activeExe := WinGetProcessName("A")
D:\Git\EVE-X-Preview\src\Main_Class.ahk (429) : [Main_Class.Prototype.PollMainWindows] activeExe := WinGetProcessName("A")
D:\Git\EVE-X-Preview\src\Main_Class.ahk (348) : [Main_Class.Prototype.HandleMainTimer] This.PollMainWindows()
> Timer
2026-09-18 12:45:49 +124738156 [ERROR] Program event: Error in Main Timer Active Window Check

D:\Git\EVE-X-Preview\src\Main_Class.ahk:53 Main_Class.Prototype.debugToolTipText.set
D:\Git\EVE-X-Preview\src\Main_Class.ahk (53) : [Main_Class.Prototype.debugToolTipText.set] ProgramLog.Error(Error(addition), "Program event")
D:\Git\EVE-X-Preview\src\Main_Class.ahk (471) : [Main_Class.Prototype.PollMainWindows] This.debugToolTipText .= "Error in Main Timer Active Window Check
"
D:\Git\EVE-X-Preview\src\Main_Class.ahk (348) : [Main_Class.Prototype.HandleMainTimer] This.PollMainWindows()
> Timer
2026-09-18 12:45:49 +124738218 [INFO] Activation focus confirmed; target=396956; foreground=396956
2026-09-18 12:45:49 +124738500 [INFO] Activation requested; target=396894; source=396956
2026-09-18 12:45:49 +124738531 [INFO] Activation focus confirmed; target=396894; foreground=396894
2026-09-18 12:45:50 +124738968 [INFO] Activation requested; target=462564; source=396894
2026-09-18 12:45:50 +124739031 [INFO] Activation focus confirmed; target=462564; foreground=462564
2026-09-18 12:46:27 +124776593 [INFO] Activation requested; target=986496; source=462564
2026-09-18 12:46:27 +124776656 [INFO] Activation focus confirmed; target=986496; foreground=986496
2026-09-18 12:46:27 +124776796 [INFO] Activation requested; target=397052; source=986496
2026-09-18 12:46:28 +124776843 [INFO] Activation focus confirmed; target=397052; foreground=397052
2026-09-18 12:46:28 +124776953 [INFO] Activation requested; target=1838794; source=397052
2026-09-18 12:46:28 +124776984 [ERROR] Main timer foreground check: Target window not found.
D:\Git\EVE-X-Preview\src\Main_Class.ahk:429 WinGetProcessName
D:\Git\EVE-X-Preview\src\Main_Class.ahk (429) : [WinGetProcessName] activeExe := WinGetProcessName("A")
D:\Git\EVE-X-Preview\src\Main_Class.ahk (429) : [Main_Class.Prototype.PollMainWindows] activeExe := WinGetProcessName("A")
D:\Git\EVE-X-Preview\src\Main_Class.ahk (348) : [Main_Class.Prototype.HandleMainTimer] This.PollMainWindows()
> Timer
2026-09-18 12:46:28 +124776984 [ERROR] Program event: Error in Main Timer Active Window Check

D:\Git\EVE-X-Preview\src\Main_Class.ahk:53 Main_Class.Prototype.debugToolTipText.set
D:\Git\EVE-X-Preview\src\Main_Class.ahk (53) : [Main_Class.Prototype.debugToolTipText.set] ProgramLog.Error(Error(addition), "Program event")
D:\Git\EVE-X-Preview\src\Main_Class.ahk (471) : [Main_Class.Prototype.PollMainWindows] This.debugToolTipText .= "Error in Main Timer Active Window Check
"
D:\Git\EVE-X-Preview\src\Main_Class.ahk (348) : [Main_Class.Prototype.HandleMainTimer] This.PollMainWindows()
> Timer
2026-09-18 12:46:28 +124777046 [INFO] Activation focus confirmed; target=1838794; foreground=1838794
2026-09-18 12:46:28 +124777125 [INFO] Activation requested; target=12519826; source=1838794
2026-09-18 12:46:28 +124777171 [INFO] Activation focus confirmed; target=12519826; foreground=12519826
2026-09-18 12:46:28 +124777265 [INFO] Activation requested; target=396958; source=12519826
2026-09-18 12:46:28 +124777296 [INFO] Activation focus confirmed; target=396958; foreground=396958
2026-09-18 12:46:28 +124777453 [INFO] Activation requested; target=1837564; source=396958
2026-09-18 12:46:28 +124777484 [INFO] Activation focus confirmed; target=1837564; foreground=1837564
2026-09-18 12:46:28 +124777625 [INFO] Activation requested; target=3803056; source=1837564
2026-09-18 12:46:28 +124777671 [ERROR] Main timer foreground check: Target window not found.
D:\Git\EVE-X-Preview\src\Main_Class.ahk:429 WinGetProcessName
D:\Git\EVE-X-Preview\src\Main_Class.ahk (429) : [WinGetProcessName] activeExe := WinGetProcessName("A")
D:\Git\EVE-X-Preview\src\Main_Class.ahk (429) : [Main_Class.Prototype.PollMainWindows] activeExe := WinGetProcessName("A")
D:\Git\EVE-X-Preview\src\Main_Class.ahk (348) : [Main_Class.Prototype.HandleMainTimer] This.PollMainWindows()
> Timer
2026-09-18 12:46:28 +124777671 [ERROR] Program event: Error in Main Timer Active Window Check

D:\Git\EVE-X-Preview\src\Main_Class.ahk:53 Main_Class.Prototype.debugToolTipText.set
D:\Git\EVE-X-Preview\src\Main_Class.ahk (53) : [Main_Class.Prototype.debugToolTipText.set] ProgramLog.Error(Error(addition), "Program event")
D:\Git\EVE-X-Preview\src\Main_Class.ahk (471) : [Main_Class.Prototype.PollMainWindows] This.debugToolTipText .= "Error in Main Timer Active Window Check
"
D:\Git\EVE-X-Preview\src\Main_Class.ahk (348) : [Main_Class.Prototype.HandleMainTimer] This.PollMainWindows()
> Timer
2026-09-18 12:46:28 +124777734 [INFO] Activation focus confirmed; target=3803056; foreground=3803056
2026-09-18 12:46:28 +124777781 [INFO] Activation requested; target=396956; source=3803056
2026-09-18 12:46:28 +124777812 [INFO] Activation focus confirmed; target=396956; foreground=396956
2026-09-18 12:46:29 +124777953 [INFO] Activation requested; target=396894; source=396956
2026-09-18 12:46:29 +124778000 [INFO] Activation focus confirmed; target=396894; foreground=396894
2026-09-18 12:46:29 +124778265 [INFO] Activation requested; target=462564; source=396894
2026-09-18 12:46:29 +124778312 [INFO] Activation focus confirmed; target=462564; foreground=462564
2026-09-18 12:46:43 +124791875 [INFO] handleEventActivation: event fleetWarped triggered for: EVE - Alyosha your Daddy
2026-09-18 12:46:43 +124791875 [INFO] handleEventActivation: event fleetWarped triggered for: EVE - Bubri4
2026-09-18 12:46:43 +124791875 [INFO] handleEventActivation: event fleetWarped triggered for: EVE - Khan Lover
2026-09-18 12:46:43 +124791875 [INFO] handleEventActivation: event fleetWarped triggered for: EVE - Khivus
2026-09-18 12:46:43 +124791875 [INFO] handleEventActivation: event fleetWarped triggered for: EVE - Rakkadan Aihaken
2026-09-18 12:46:43 +124791890 [INFO] handleEventActivation: event fleetWarped triggered for: EVE - Svyatoslav Trubochist
2026-09-18 12:46:43 +124791890 [INFO] handleEventActivation: event fleetWarped triggered for: EVE - Takashin Agi
2026-09-18 12:46:43 +124791906 [INFO] handleEventActivation: event fleetWarped triggered for: EVE - Tapira Osaki
2026-09-18 12:46:43 +124791906 [INFO] handleEventActivation: event fleetWarped triggered for: EVE - iBlackMan
2026-09-18 12:46:44 +124793078 [INFO] Activation requested; target=986496; source=462564
2026-09-18 12:46:44 +124793109 [ERROR] Main timer foreground check: Target window not found.
D:\Git\EVE-X-Preview\src\Main_Class.ahk:429 WinGetProcessName
D:\Git\EVE-X-Preview\src\Main_Class.ahk (429) : [WinGetProcessName] activeExe := WinGetProcessName("A")
D:\Git\EVE-X-Preview\src\Main_Class.ahk (429) : [Main_Class.Prototype.PollMainWindows] activeExe := WinGetProcessName("A")
D:\Git\EVE-X-Preview\src\Main_Class.ahk (348) : [Main_Class.Prototype.HandleMainTimer] This.PollMainWindows()
> Timer
2026-09-18 12:46:44 +124793109 [ERROR] Program event: Error in Main Timer Active Window Check

D:\Git\EVE-X-Preview\src\Main_Class.ahk:53 Main_Class.Prototype.debugToolTipText.set
D:\Git\EVE-X-Preview\src\Main_Class.ahk (53) : [Main_Class.Prototype.debugToolTipText.set] ProgramLog.Error(Error(addition), "Program event")
D:\Git\EVE-X-Preview\src\Main_Class.ahk (471) : [Main_Class.Prototype.PollMainWindows] This.debugToolTipText .= "Error in Main Timer Active Window Check
"
D:\Git\EVE-X-Preview\src\Main_Class.ahk (348) : [Main_Class.Prototype.HandleMainTimer] This.PollMainWindows()
> Timer
2026-09-18 12:46:44 +124793171 [INFO] Activation focus confirmed; target=986496; foreground=986496
2026-09-18 12:46:44 +124793171 [INFO] endEvent: event ended for: EVE - Alyosha your Daddy
2026-09-18 12:46:44 +124793484 [INFO] Activation requested; target=397052; source=986496
2026-09-18 12:46:44 +124793546 [INFO] Activation focus confirmed; target=397052; foreground=397052
2026-09-18 12:46:44 +124793546 [INFO] endEvent: event ended for: EVE - Bubri4
2026-09-18 12:46:45 +124793875 [INFO] Activation requested; target=1838794; source=397052
2026-09-18 12:46:45 +124793921 [INFO] Activation focus confirmed; target=1838794; foreground=1838794
2026-09-18 12:46:45 +124793921 [INFO] endEvent: event ended for: EVE - iBlackMan
2026-09-18 12:46:45 +124794234 [INFO] Activation requested; target=12519826; source=1838794
2026-09-18 12:46:45 +124794265 [INFO] Activation focus confirmed; target=12519826; foreground=12519826
2026-09-18 12:46:45 +124794265 [INFO] endEvent: event ended for: EVE - Khan Lover
2026-09-18 12:46:45 +124794640 [INFO] Activation requested; target=396958; source=12519826
2026-09-18 12:46:45 +124794703 [INFO] Activation focus confirmed; target=396958; foreground=396958
2026-09-18 12:46:45 +124794703 [INFO] endEvent: event ended for: EVE - Khivus
2026-09-18 12:46:46 +124795031 [INFO] Activation requested; target=1837564; source=396958
2026-09-18 12:46:46 +124795078 [INFO] Activation focus confirmed; target=1837564; foreground=1837564
2026-09-18 12:46:46 +124795078 [INFO] endEvent: event ended for: EVE - Rakkadan Aihaken
2026-09-18 12:46:46 +124795406 [INFO] Activation requested; target=3803056; source=1837564
2026-09-18 12:46:46 +124795453 [INFO] Activation focus confirmed; target=3803056; foreground=3803056
2026-09-18 12:46:46 +124795453 [INFO] endEvent: event ended for: EVE - Svyatoslav Trubochist
2026-09-18 12:46:46 +124795750 [INFO] Activation requested; target=396956; source=3803056
2026-09-18 12:46:46 +124795781 [ERROR] Main timer foreground check: Target window not found.
D:\Git\EVE-X-Preview\src\Main_Class.ahk:429 WinGetProcessName
D:\Git\EVE-X-Preview\src\Main_Class.ahk (429) : [WinGetProcessName] activeExe := WinGetProcessName("A")
D:\Git\EVE-X-Preview\src\Main_Class.ahk (429) : [Main_Class.Prototype.PollMainWindows] activeExe := WinGetProcessName("A")
D:\Git\EVE-X-Preview\src\Main_Class.ahk (348) : [Main_Class.Prototype.HandleMainTimer] This.PollMainWindows()
> Timer
2026-09-18 12:46:46 +124795781 [ERROR] Program event: Error in Main Timer Active Window Check

D:\Git\EVE-X-Preview\src\Main_Class.ahk:53 Main_Class.Prototype.debugToolTipText.set
D:\Git\EVE-X-Preview\src\Main_Class.ahk (53) : [Main_Class.Prototype.debugToolTipText.set] ProgramLog.Error(Error(addition), "Program event")
D:\Git\EVE-X-Preview\src\Main_Class.ahk (471) : [Main_Class.Prototype.PollMainWindows] This.debugToolTipText .= "Error in Main Timer Active Window Check
"
D:\Git\EVE-X-Preview\src\Main_Class.ahk (348) : [Main_Class.Prototype.HandleMainTimer] This.PollMainWindows()
> Timer
2026-09-18 12:46:47 +124795843 [INFO] Activation focus confirmed; target=396956; foreground=396956
2026-09-18 12:46:47 +124795843 [INFO] endEvent: event ended for: EVE - Takashin Agi
2026-09-18 12:46:47 +124796109 [INFO] Activation requested; target=396894; source=396956
2026-09-18 12:46:47 +124796156 [INFO] Activation focus confirmed; target=396894; foreground=396894
2026-09-18 12:46:47 +124796156 [INFO] endEvent: event ended for: EVE - Tapira Osaki
2026-09-18 12:46:47 +124796656 [INFO] Activation requested; target=462564; source=396894
2026-09-18 12:46:47 +124796718 [INFO] Activation focus confirmed; target=462564; foreground=462564
2026-09-18 12:46:48 +124797546 [INFO] Activation requested; target=986496; source=462564
2026-09-18 12:46:48 +124797593 [ERROR] Main timer foreground check: Target window not found.
D:\Git\EVE-X-Preview\src\Main_Class.ahk:429 WinGetProcessName
D:\Git\EVE-X-Preview\src\Main_Class.ahk (429) : [WinGetProcessName] activeExe := WinGetProcessName("A")
D:\Git\EVE-X-Preview\src\Main_Class.ahk (429) : [Main_Class.Prototype.PollMainWindows] activeExe := WinGetProcessName("A")
D:\Git\EVE-X-Preview\src\Main_Class.ahk (348) : [Main_Class.Prototype.HandleMainTimer] This.PollMainWindows()
> Timer
2026-09-18 12:46:48 +124797593 [ERROR] Program event: Error in Main Timer Active Window Check

D:\Git\EVE-X-Preview\src\Main_Class.ahk:53 Main_Class.Prototype.debugToolTipText.set
D:\Git\EVE-X-Preview\src\Main_Class.ahk (53) : [Main_Class.Prototype.debugToolTipText.set] ProgramLog.Error(Error(addition), "Program event")
D:\Git\EVE-X-Preview\src\Main_Class.ahk (471) : [Main_Class.Prototype.PollMainWindows] This.debugToolTipText .= "Error in Main Timer Active Window Check
"
D:\Git\EVE-X-Preview\src\Main_Class.ahk (348) : [Main_Class.Prototype.HandleMainTimer] This.PollMainWindows()
> Timer
2026-09-18 12:46:48 +124797656 [INFO] Activation focus confirmed; target=986496; foreground=986496
2026-09-18 12:46:49 +124797890 [INFO] Activation requested; target=397052; source=986496
2026-09-18 12:46:49 +124797921 [INFO] Activation focus confirmed; target=397052; foreground=397052
2026-09-18 12:46:49 +124798265 [INFO] Activation requested; target=1838794; source=397052
2026-09-18 12:46:49 +124798296 [INFO] Activation focus confirmed; target=1838794; foreground=1838794
2026-09-18 12:46:49 +124798609 [INFO] Activation requested; target=12519826; source=1838794
2026-09-18 12:46:49 +124798640 [INFO] Activation focus confirmed; target=12519826; foreground=12519826
2026-09-18 12:46:50 +124798968 [INFO] Activation requested; target=396958; source=12519826
2026-09-18 12:46:50 +124799000 [INFO] Activation focus confirmed; target=396958; foreground=396958
2026-09-18 12:46:50 +124799296 [INFO] Activation requested; target=1837564; source=396958
2026-09-18 12:46:50 +124799328 [ERROR] Main timer foreground check: Target window not found.
D:\Git\EVE-X-Preview\src\Main_Class.ahk:429 WinGetProcessName
D:\Git\EVE-X-Preview\src\Main_Class.ahk (429) : [WinGetProcessName] activeExe := WinGetProcessName("A")
D:\Git\EVE-X-Preview\src\Main_Class.ahk (429) : [Main_Class.Prototype.PollMainWindows] activeExe := WinGetProcessName("A")
D:\Git\EVE-X-Preview\src\Main_Class.ahk (348) : [Main_Class.Prototype.HandleMainTimer] This.PollMainWindows()
> Timer
2026-09-18 12:46:50 +124799328 [ERROR] Program event: Error in Main Timer Active Window Check

D:\Git\EVE-X-Preview\src\Main_Class.ahk:53 Main_Class.Prototype.debugToolTipText.set
D:\Git\EVE-X-Preview\src\Main_Class.ahk (53) : [Main_Class.Prototype.debugToolTipText.set] ProgramLog.Error(Error(addition), "Program event")
D:\Git\EVE-X-Preview\src\Main_Class.ahk (471) : [Main_Class.Prototype.PollMainWindows] This.debugToolTipText .= "Error in Main Timer Active Window Check
"
D:\Git\EVE-X-Preview\src\Main_Class.ahk (348) : [Main_Class.Prototype.HandleMainTimer] This.PollMainWindows()
> Timer
2026-09-18 12:46:50 +124799390 [INFO] Activation focus confirmed; target=1837564; foreground=1837564
2026-09-18 12:46:50 +124799671 [INFO] Activation requested; target=3803056; source=1837564
2026-09-18 12:46:50 +124799703 [ERROR] Main timer foreground check: Target window not found.
D:\Git\EVE-X-Preview\src\Main_Class.ahk:429 WinGetProcessName
D:\Git\EVE-X-Preview\src\Main_Class.ahk (429) : [WinGetProcessName] activeExe := WinGetProcessName("A")
D:\Git\EVE-X-Preview\src\Main_Class.ahk (429) : [Main_Class.Prototype.PollMainWindows] activeExe := WinGetProcessName("A")
D:\Git\EVE-X-Preview\src\Main_Class.ahk (348) : [Main_Class.Prototype.HandleMainTimer] This.PollMainWindows()
> Timer
2026-09-18 12:46:50 +124799703 [ERROR] Program event: Error in Main Timer Active Window Check

D:\Git\EVE-X-Preview\src\Main_Class.ahk:53 Main_Class.Prototype.debugToolTipText.set
D:\Git\EVE-X-Preview\src\Main_Class.ahk (53) : [Main_Class.Prototype.debugToolTipText.set] ProgramLog.Error(Error(addition), "Program event")
D:\Git\EVE-X-Preview\src\Main_Class.ahk (471) : [Main_Class.Prototype.PollMainWindows] This.debugToolTipText .= "Error in Main Timer Active Window Check
"
D:\Git\EVE-X-Preview\src\Main_Class.ahk (348) : [Main_Class.Prototype.HandleMainTimer] This.PollMainWindows()
> Timer
2026-09-18 12:46:50 +124799765 [INFO] Activation focus confirmed; target=3803056; foreground=3803056
2026-09-18 12:46:51 +124800031 [INFO] Activation requested; target=396956; source=3803056
2026-09-18 12:46:51 +124800078 [INFO] Activation focus confirmed; target=396956; foreground=396956
2026-09-18 12:46:51 +124800343 [INFO] Activation requested; target=396894; source=396956
2026-09-18 12:46:51 +124800390 [INFO] Activation focus confirmed; target=396894; foreground=396894
2026-09-18 12:46:51 +124800640 [INFO] Activation requested; target=462564; source=396894
2026-09-18 12:46:51 +124800703 [INFO] Activation focus confirmed; target=462564; foreground=462564
2026-09-18 12:47:00 +124809203 [ERROR] Main timer foreground check: Target window not found.
D:\Git\EVE-X-Preview\src\Main_Class.ahk:429 WinGetProcessName
D:\Git\EVE-X-Preview\src\Main_Class.ahk (429) : [WinGetProcessName] activeExe := WinGetProcessName("A")
D:\Git\EVE-X-Preview\src\Main_Class.ahk (429) : [Main_Class.Prototype.PollMainWindows] activeExe := WinGetProcessName("A")
D:\Git\EVE-X-Preview\src\Main_Class.ahk (348) : [Main_Class.Prototype.HandleMainTimer] This.PollMainWindows()
> Timer
2026-09-18 12:47:00 +124809203 [ERROR] Program event: Error in Main Timer Active Window Check

D:\Git\EVE-X-Preview\src\Main_Class.ahk:53 Main_Class.Prototype.debugToolTipText.set
D:\Git\EVE-X-Preview\src\Main_Class.ahk (53) : [Main_Class.Prototype.debugToolTipText.set] ProgramLog.Error(Error(addition), "Program event")
D:\Git\EVE-X-Preview\src\Main_Class.ahk (471) : [Main_Class.Prototype.PollMainWindows] This.debugToolTipText .= "Error in Main Timer Active Window Check
"
D:\Git\EVE-X-Preview\src\Main_Class.ahk (348) : [Main_Class.Prototype.HandleMainTimer] This.PollMainWindows()
> Timer
2026-09-18 12:47:07 +124815875 [INFO] handleEventActivation: event gateJumped triggered for: EVE - iBlackMan
2026-09-18 12:47:08 +124816875 [INFO] handleEventActivation: event gateJumped triggered for: EVE - Alyosha your Daddy
2026-09-18 12:47:08 +124816890 [INFO] handleEventActivation: event gateJumped triggered for: EVE - Bubri4
2026-09-18 12:47:08 +124816890 [INFO] handleEventActivation: event gateJumped triggered for: EVE - Svyatoslav Trubochist
2026-09-18 12:47:08 +124816890 [INFO] handleEventActivation: event gateJumped triggered for: EVE - Takashin Agi
2026-09-18 12:47:08 +124816906 [INFO] handleEventActivation: event gateJumped triggered for: EVE - Tapira Osaki
2026-09-18 12:47:09 +124817875 [INFO] handleEventActivation: event gateJumped triggered for: EVE - Khan Lover
2026-09-18 12:47:09 +124817875 [INFO] handleEventActivation: event gateJumped triggered for: EVE - Khivus
2026-09-18 12:47:09 +124817875 [INFO] handleEventActivation: event gateJumped triggered for: EVE - Myamlyach
2026-09-18 12:47:09 +124817875 [INFO] handleEventActivation: event gateJumped triggered for: EVE - Rakkadan Aihaken
2026-09-18 12:47:17 +124825875 [INFO] endEvent: event ended for: EVE - Alyosha your Daddy
2026-09-18 12:47:17 +124825875 [INFO] handleEventActivation: event fleetWarped triggered for: EVE - Alyosha your Daddy
2026-09-18 12:47:17 +124825890 [INFO] endEvent: event ended for: EVE - Tapira Osaki
2026-09-18 12:47:17 +124825890 [INFO] handleEventActivation: event fleetWarped triggered for: EVE - Tapira Osaki
2026-09-18 12:47:18 +124826875 [INFO] endEvent: event ended for: EVE - Bubri4
2026-09-18 12:47:18 +124826875 [INFO] handleEventActivation: event fleetWarped triggered for: EVE - Bubri4
2026-09-18 12:47:18 +124826875 [INFO] endEvent: event ended for: EVE - Khan Lover
2026-09-18 12:47:18 +124826875 [INFO] handleEventActivation: event fleetWarped triggered for: EVE - Khan Lover
2026-09-18 12:47:18 +124826875 [INFO] endEvent: event ended for: EVE - Khivus
2026-09-18 12:47:18 +124826875 [INFO] handleEventActivation: event fleetWarped triggered for: EVE - Khivus
2026-09-18 12:47:18 +124826890 [INFO] endEvent: event ended for: EVE - Rakkadan Aihaken
2026-09-18 12:47:18 +124826890 [INFO] handleEventActivation: event fleetWarped triggered for: EVE - Rakkadan Aihaken
2026-09-18 12:47:18 +124826890 [INFO] endEvent: event ended for: EVE - Svyatoslav Trubochist
2026-09-18 12:47:18 +124826890 [INFO] handleEventActivation: event fleetWarped triggered for: EVE - Svyatoslav Trubochist
2026-09-18 12:47:18 +124826890 [INFO] endEvent: event ended for: EVE - Takashin Agi
2026-09-18 12:47:18 +124826890 [INFO] handleEventActivation: event fleetWarped triggered for: EVE - Takashin Agi
2026-09-18 12:47:18 +124826906 [INFO] endEvent: event ended for: EVE - iBlackMan
2026-09-18 12:47:18 +124826906 [INFO] handleEventActivation: event fleetWarped triggered for: EVE - iBlackMan
2026-09-18 12:47:20 +124829109 [INFO] Activation requested; target=986496; source=462564
2026-09-18 12:47:20 +124829156 [ERROR] Main timer foreground check: Target window not found.
D:\Git\EVE-X-Preview\src\Main_Class.ahk:429 WinGetProcessName
D:\Git\EVE-X-Preview\src\Main_Class.ahk (429) : [WinGetProcessName] activeExe := WinGetProcessName("A")
D:\Git\EVE-X-Preview\src\Main_Class.ahk (429) : [Main_Class.Prototype.PollMainWindows] activeExe := WinGetProcessName("A")
D:\Git\EVE-X-Preview\src\Main_Class.ahk (348) : [Main_Class.Prototype.HandleMainTimer] This.PollMainWindows()
> Timer
2026-09-18 12:47:20 +124829171 [ERROR] Program event: Error in Main Timer Active Window Check

D:\Git\EVE-X-Preview\src\Main_Class.ahk:53 Main_Class.Prototype.debugToolTipText.set
D:\Git\EVE-X-Preview\src\Main_Class.ahk (53) : [Main_Class.Prototype.debugToolTipText.set] ProgramLog.Error(Error(addition), "Program event")
D:\Git\EVE-X-Preview\src\Main_Class.ahk (471) : [Main_Class.Prototype.PollMainWindows] This.debugToolTipText .= "Error in Main Timer Active Window Check
"
D:\Git\EVE-X-Preview\src\Main_Class.ahk (348) : [Main_Class.Prototype.HandleMainTimer] This.PollMainWindows()
> Timer
2026-09-18 12:47:20 +124829218 [INFO] Activation focus confirmed; target=986496; foreground=986496
2026-09-18 12:47:20 +124829218 [INFO] endEvent: event ended for: EVE - Alyosha your Daddy
2026-09-18 12:47:20 +124829578 [INFO] Activation requested; target=397052; source=986496
2026-09-18 12:47:20 +124829609 [ERROR] Main timer foreground check: Target window not found.
D:\Git\EVE-X-Preview\src\Main_Class.ahk:429 WinGetProcessName
D:\Git\EVE-X-Preview\src\Main_Class.ahk (429) : [WinGetProcessName] activeExe := WinGetProcessName("A")
D:\Git\EVE-X-Preview\src\Main_Class.ahk (429) : [Main_Class.Prototype.PollMainWindows] activeExe := WinGetProcessName("A")
D:\Git\EVE-X-Preview\src\Main_Class.ahk (348) : [Main_Class.Prototype.HandleMainTimer] This.PollMainWindows()
> Timer
2026-09-18 12:47:20 +124829609 [ERROR] Program event: Error in Main Timer Active Window Check

D:\Git\EVE-X-Preview\src\Main_Class.ahk:53 Main_Class.Prototype.debugToolTipText.set
D:\Git\EVE-X-Preview\src\Main_Class.ahk (53) : [Main_Class.Prototype.debugToolTipText.set] ProgramLog.Error(Error(addition), "Program event")
D:\Git\EVE-X-Preview\src\Main_Class.ahk (471) : [Main_Class.Prototype.PollMainWindows] This.debugToolTipText .= "Error in Main Timer Active Window Check
"
D:\Git\EVE-X-Preview\src\Main_Class.ahk (348) : [Main_Class.Prototype.HandleMainTimer] This.PollMainWindows()
> Timer
2026-09-18 12:47:20 +124829671 [INFO] Activation focus confirmed; target=397052; foreground=397052
2026-09-18 12:47:20 +124829671 [INFO] endEvent: event ended for: EVE - Bubri4
2026-09-18 12:47:21 +124829953 [INFO] Activation requested; target=1838794; source=397052
2026-09-18 12:47:21 +124829984 [INFO] Activation focus confirmed; target=1838794; foreground=1838794
2026-09-18 12:47:21 +124829984 [INFO] endEvent: event ended for: EVE - iBlackMan
2026-09-18 12:47:21 +124830328 [INFO] Activation requested; target=12519826; source=1838794
2026-09-18 12:47:21 +124830359 [ERROR] Main timer foreground check: Target window not found.
D:\Git\EVE-X-Preview\src\Main_Class.ahk:429 WinGetProcessName
D:\Git\EVE-X-Preview\src\Main_Class.ahk (429) : [WinGetProcessName] activeExe := WinGetProcessName("A")
D:\Git\EVE-X-Preview\src\Main_Class.ahk (429) : [Main_Class.Prototype.PollMainWindows] activeExe := WinGetProcessName("A")
D:\Git\EVE-X-Preview\src\Main_Class.ahk (348) : [Main_Class.Prototype.HandleMainTimer] This.PollMainWindows()
> Timer
2026-09-18 12:47:21 +124830359 [ERROR] Program event: Error in Main Timer Active Window Check

D:\Git\EVE-X-Preview\src\Main_Class.ahk:53 Main_Class.Prototype.debugToolTipText.set
D:\Git\EVE-X-Preview\src\Main_Class.ahk (53) : [Main_Class.Prototype.debugToolTipText.set] ProgramLog.Error(Error(addition), "Program event")
D:\Git\EVE-X-Preview\src\Main_Class.ahk (471) : [Main_Class.Prototype.PollMainWindows] This.debugToolTipText .= "Error in Main Timer Active Window Check
"
D:\Git\EVE-X-Preview\src\Main_Class.ahk (348) : [Main_Class.Prototype.HandleMainTimer] This.PollMainWindows()
> Timer
2026-09-18 12:47:21 +124830421 [INFO] Activation focus confirmed; target=12519826; foreground=12519826
2026-09-18 12:47:21 +124830421 [INFO] endEvent: event ended for: EVE - Khan Lover
2026-09-18 12:47:21 +124830671 [INFO] Activation requested; target=396958; source=12519826
2026-09-18 12:47:21 +124830734 [INFO] Activation focus confirmed; target=396958; foreground=396958
2026-09-18 12:47:21 +124830734 [INFO] endEvent: event ended for: EVE - Khivus
2026-09-18 12:47:22 +124831031 [INFO] Activation requested; target=1837564; source=396958
2026-09-18 12:47:22 +124831062 [INFO] Activation focus confirmed; target=1837564; foreground=1837564
2026-09-18 12:47:22 +124831062 [INFO] endEvent: event ended for: EVE - Rakkadan Aihaken
2026-09-18 12:47:22 +124831375 [INFO] Activation requested; target=3803056; source=1837564
2026-09-18 12:47:22 +124831437 [INFO] Activation focus confirmed; target=3803056; foreground=3803056
2026-09-18 12:47:22 +124831437 [INFO] endEvent: event ended for: EVE - Svyatoslav Trubochist
2026-09-18 12:47:22 +124831718 [INFO] Activation requested; target=396956; source=3803056
2026-09-18 12:47:22 +124831750 [ERROR] Main timer foreground check: Target window not found.
D:\Git\EVE-X-Preview\src\Main_Class.ahk:429 WinGetProcessName
D:\Git\EVE-X-Preview\src\Main_Class.ahk (429) : [WinGetProcessName] activeExe := WinGetProcessName("A")
D:\Git\EVE-X-Preview\src\Main_Class.ahk (429) : [Main_Class.Prototype.PollMainWindows] activeExe := WinGetProcessName("A")
D:\Git\EVE-X-Preview\src\Main_Class.ahk (348) : [Main_Class.Prototype.HandleMainTimer] This.PollMainWindows()
> Timer
2026-09-18 12:47:22 +124831750 [ERROR] Program event: Error in Main Timer Active Window Check

D:\Git\EVE-X-Preview\src\Main_Class.ahk:53 Main_Class.Prototype.debugToolTipText.set
D:\Git\EVE-X-Preview\src\Main_Class.ahk (53) : [Main_Class.Prototype.debugToolTipText.set] ProgramLog.Error(Error(addition), "Program event")
D:\Git\EVE-X-Preview\src\Main_Class.ahk (471) : [Main_Class.Prototype.PollMainWindows] This.debugToolTipText .= "Error in Main Timer Active Window Check
"
D:\Git\EVE-X-Preview\src\Main_Class.ahk (348) : [Main_Class.Prototype.HandleMainTimer] This.PollMainWindows()
> Timer
2026-09-18 12:47:22 +124831812 [INFO] Activation focus confirmed; target=396956; foreground=396956
2026-09-18 12:47:22 +124831812 [INFO] endEvent: event ended for: EVE - Takashin Agi
2026-09-18 12:47:23 +124832062 [INFO] Activation requested; target=396894; source=396956
2026-09-18 12:47:23 +124832093 [INFO] Activation focus confirmed; target=396894; foreground=396894
2026-09-18 12:47:23 +124832093 [INFO] endEvent: event ended for: EVE - Tapira Osaki
2026-09-18 12:47:23 +124832390 [INFO] Activation requested; target=986496; source=396894
2026-09-18 12:47:23 +124832421 [INFO] Activation focus confirmed; target=986496; foreground=986496
2026-09-18 12:47:23 +124832656 [INFO] Activation requested; target=462564; source=986496
2026-09-18 12:47:23 +124832687 [INFO] Activation focus confirmed; target=462564; foreground=462564
2026-09-18 12:47:23 +124832687 [INFO] endEvent: event ended for: EVE - Myamlyach
2026-09-18 12:47:44 +124852875 [INFO] handleEventActivation: event gateJumped triggered for: EVE - Svyatoslav Trubochist
2026-09-18 12:47:45 +124853875 [INFO] handleEventActivation: event gateJumped triggered for: EVE - Bubri4
2026-09-18 12:47:45 +124853875 [INFO] handleEventActivation: event gateJumped triggered for: EVE - Takashin Agi
2026-09-18 12:47:46 +124854875 [INFO] handleEventActivation: event gateJumped triggered for: EVE - Khan Lover
2026-09-18 12:47:46 +124854875 [INFO] handleEventActivation: event gateJumped triggered for: EVE - Khivus
2026-09-18 12:47:46 +124854875 [INFO] handleEventActivation: event gateJumped triggered for: EVE - Tapira Osaki
2026-09-18 12:47:47 +124855875 [INFO] handleEventActivation: event gateJumped triggered for: EVE - Alyosha your Daddy
2026-09-18 12:47:47 +124855875 [INFO] handleEventActivation: event gateJumped triggered for: EVE - Myamlyach
2026-09-18 12:47:47 +124855875 [INFO] handleEventActivation: event gateJumped triggered for: EVE - Rakkadan Aihaken
2026-09-18 12:47:47 +124855875 [INFO] handleEventActivation: event gateJumped triggered for: EVE - iBlackMan
2026-09-18 12:47:54 +124862875 [INFO] endEvent: event ended for: EVE - Bubri4
2026-09-18 12:47:54 +124862875 [INFO] handleEventActivation: event fleetWarped triggered for: EVE - Bubri4
2026-09-18 12:47:54 +124862875 [INFO] endEvent: event ended for: EVE - Khan Lover
2026-09-18 12:47:54 +124862875 [INFO] handleEventActivation: event fleetWarped triggered for: EVE - Khan Lover
2026-09-18 12:47:54 +124862875 [INFO] endEvent: event ended for: EVE - Khivus
2026-09-18 12:47:54 +124862890 [INFO] handleEventActivation: event fleetWarped triggered for: EVE - Khivus
2026-09-18 12:47:54 +124862890 [INFO] endEvent: event ended for: EVE - Svyatoslav Trubochist
2026-09-18 12:47:54 +124862890 [INFO] handleEventActivation: event fleetWarped triggered for: EVE - Svyatoslav Trubochist
2026-09-18 12:47:54 +124862890 [INFO] endEvent: event ended for: EVE - Tapira Osaki
2026-09-18 12:47:54 +124862890 [INFO] handleEventActivation: event fleetWarped triggered for: EVE - Tapira Osaki
2026-09-18 12:47:54 +124863421 [INFO] Activation requested; target=986496; source=462564
2026-09-18 12:47:54 +124863453 [ERROR] Main timer foreground check: Target window not found.
D:\Git\EVE-X-Preview\src\Main_Class.ahk:429 WinGetProcessName
D:\Git\EVE-X-Preview\src\Main_Class.ahk (429) : [WinGetProcessName] activeExe := WinGetProcessName("A")
D:\Git\EVE-X-Preview\src\Main_Class.ahk (429) : [Main_Class.Prototype.PollMainWindows] activeExe := WinGetProcessName("A")
D:\Git\EVE-X-Preview\src\Main_Class.ahk (348) : [Main_Class.Prototype.HandleMainTimer] This.PollMainWindows()
> Timer
2026-09-18 12:47:54 +124863453 [ERROR] Program event: Error in Main Timer Active Window Check

D:\Git\EVE-X-Preview\src\Main_Class.ahk:53 Main_Class.Prototype.debugToolTipText.set
D:\Git\EVE-X-Preview\src\Main_Class.ahk (53) : [Main_Class.Prototype.debugToolTipText.set] ProgramLog.Error(Error(addition), "Program event")
D:\Git\EVE-X-Preview\src\Main_Class.ahk (471) : [Main_Class.Prototype.PollMainWindows] This.debugToolTipText .= "Error in Main Timer Active Window Check
"
D:\Git\EVE-X-Preview\src\Main_Class.ahk (348) : [Main_Class.Prototype.HandleMainTimer] This.PollMainWindows()
> Timer
2026-09-18 12:47:54 +124863515 [ERROR] Main timer foreground check: Target window not found.
D:\Git\EVE-X-Preview\src\Main_Class.ahk:429 WinGetProcessName
D:\Git\EVE-X-Preview\src\Main_Class.ahk (429) : [WinGetProcessName] activeExe := WinGetProcessName("A")
D:\Git\EVE-X-Preview\src\Main_Class.ahk (429) : [Main_Class.Prototype.PollMainWindows] activeExe := WinGetProcessName("A")
D:\Git\EVE-X-Preview\src\Main_Class.ahk (348) : [Main_Class.Prototype.HandleMainTimer] This.PollMainWindows()
> Timer
2026-09-18 12:47:54 +124863515 [ERROR] Program event: Error in Main Timer Active Window Check

D:\Git\EVE-X-Preview\src\Main_Class.ahk:53 Main_Class.Prototype.debugToolTipText.set
D:\Git\EVE-X-Preview\src\Main_Class.ahk (53) : [Main_Class.Prototype.debugToolTipText.set] ProgramLog.Error(Error(addition), "Program event")
D:\Git\EVE-X-Preview\src\Main_Class.ahk (471) : [Main_Class.Prototype.PollMainWindows] This.debugToolTipText .= "Error in Main Timer Active Window Check
"
D:\Git\EVE-X-Preview\src\Main_Class.ahk (348) : [Main_Class.Prototype.HandleMainTimer] This.PollMainWindows()
> Timer
2026-09-18 12:47:54 +124863578 [INFO] Activation focus confirmed; target=986496; foreground=986496
2026-09-18 12:47:54 +124863578 [INFO] endEvent: event ended for: EVE - Alyosha your Daddy
2026-09-18 12:47:54 +124863656 [INFO] Activation requested; target=397052; source=986496
2026-09-18 12:47:54 +124863703 [INFO] Activation focus confirmed; target=397052; foreground=397052
2026-09-18 12:47:54 +124863718 [INFO] endEvent: event ended for: EVE - Bubri4
2026-09-18 12:47:55 +124863875 [INFO] handleEventActivation: event fleetWarped triggered for: EVE - Alyosha your Daddy
2026-09-18 12:47:55 +124863875 [INFO] endEvent: event ended for: EVE - Rakkadan Aihaken
2026-09-18 12:47:55 +124863875 [INFO] handleEventActivation: event fleetWarped triggered for: EVE - Rakkadan Aihaken
2026-09-18 12:47:55 +124863875 [INFO] endEvent: event ended for: EVE - Takashin Agi
2026-09-18 12:47:55 +124863875 [INFO] handleEventActivation: event fleetWarped triggered for: EVE - Takashin Agi
2026-09-18 12:47:55 +124863890 [INFO] endEvent: event ended for: EVE - iBlackMan
2026-09-18 12:47:55 +124863890 [INFO] handleEventActivation: event fleetWarped triggered for: EVE - iBlackMan
2026-09-18 12:47:55 +124863890 [INFO] Activation requested; target=1838794; source=397052
2026-09-18 12:47:55 +124863953 [INFO] Activation focus confirmed; target=1838794; foreground=1838794
2026-09-18 12:47:55 +124863953 [INFO] endEvent: event ended for: EVE - iBlackMan
2026-09-18 12:47:55 +124864109 [INFO] Activation requested; target=12519826; source=1838794
2026-09-18 12:47:55 +124864140 [INFO] Activation focus confirmed; target=12519826; foreground=12519826
2026-09-18 12:47:55 +124864140 [INFO] endEvent: event ended for: EVE - Khan Lover
2026-09-18 12:47:55 +124864328 [INFO] Activation requested; target=396958; source=12519826
2026-09-18 12:47:55 +124864359 [ERROR] Main timer foreground check: Target window not found.
D:\Git\EVE-X-Preview\src\Main_Class.ahk:429 WinGetProcessName
D:\Git\EVE-X-Preview\src\Main_Class.ahk (429) : [WinGetProcessName] activeExe := WinGetProcessName("A")
D:\Git\EVE-X-Preview\src\Main_Class.ahk (429) : [Main_Class.Prototype.PollMainWindows] activeExe := WinGetProcessName("A")
D:\Git\EVE-X-Preview\src\Main_Class.ahk (348) : [Main_Class.Prototype.HandleMainTimer] This.PollMainWindows()
> Timer
2026-09-18 12:47:55 +124864359 [ERROR] Program event: Error in Main Timer Active Window Check

D:\Git\EVE-X-Preview\src\Main_Class.ahk:53 Main_Class.Prototype.debugToolTipText.set
D:\Git\EVE-X-Preview\src\Main_Class.ahk (53) : [Main_Class.Prototype.debugToolTipText.set] ProgramLog.Error(Error(addition), "Program event")
D:\Git\EVE-X-Preview\src\Main_Class.ahk (471) : [Main_Class.Prototype.PollMainWindows] This.debugToolTipText .= "Error in Main Timer Active Window Check
"
D:\Git\EVE-X-Preview\src\Main_Class.ahk (348) : [Main_Class.Prototype.HandleMainTimer] This.PollMainWindows()
> Timer
2026-09-18 12:47:55 +124864421 [INFO] Activation focus confirmed; target=396958; foreground=396958
2026-09-18 12:47:55 +124864421 [INFO] endEvent: event ended for: EVE - Khivus
2026-09-18 12:47:55 +124864546 [INFO] Activation requested; target=1837564; source=396958
2026-09-18 12:47:55 +124864609 [INFO] Activation focus confirmed; target=1837564; foreground=1837564
2026-09-18 12:47:55 +124864609 [INFO] endEvent: event ended for: EVE - Rakkadan Aihaken
2026-09-18 12:47:55 +124864765 [INFO] Activation requested; target=3803056; source=1837564
2026-09-18 12:47:55 +124864796 [ERROR] Main timer foreground check: Target window not found.
D:\Git\EVE-X-Preview\src\Main_Class.ahk:429 WinGetProcessName
D:\Git\EVE-X-Preview\src\Main_Class.ahk (429) : [WinGetProcessName] activeExe := WinGetProcessName("A")
D:\Git\EVE-X-Preview\src\Main_Class.ahk (429) : [Main_Class.Prototype.PollMainWindows] activeExe := WinGetProcessName("A")
D:\Git\EVE-X-Preview\src\Main_Class.ahk (348) : [Main_Class.Prototype.HandleMainTimer] This.PollMainWindows()
> Timer
2026-09-18 12:47:55 +124864796 [ERROR] Program event: Error in Main Timer Active Window Check

D:\Git\EVE-X-Preview\src\Main_Class.ahk:53 Main_Class.Prototype.debugToolTipText.set
D:\Git\EVE-X-Preview\src\Main_Class.ahk (53) : [Main_Class.Prototype.debugToolTipText.set] ProgramLog.Error(Error(addition), "Program event")
D:\Git\EVE-X-Preview\src\Main_Class.ahk (471) : [Main_Class.Prototype.PollMainWindows] This.debugToolTipText .= "Error in Main Timer Active Window Check
"
D:\Git\EVE-X-Preview\src\Main_Class.ahk (348) : [Main_Class.Prototype.HandleMainTimer] This.PollMainWindows()
> Timer
2026-09-18 12:47:56 +124864859 [INFO] Activation focus confirmed; target=3803056; foreground=3803056
2026-09-18 12:47:56 +124864859 [INFO] endEvent: event ended for: EVE - Svyatoslav Trubochist
2026-09-18 12:47:56 +124865015 [INFO] Activation requested; target=396956; source=3803056
2026-09-18 12:47:56 +124865046 [ERROR] Main timer foreground check: Target window not found.
D:\Git\EVE-X-Preview\src\Main_Class.ahk:429 WinGetProcessName
D:\Git\EVE-X-Preview\src\Main_Class.ahk (429) : [WinGetProcessName] activeExe := WinGetProcessName("A")
D:\Git\EVE-X-Preview\src\Main_Class.ahk (429) : [Main_Class.Prototype.PollMainWindows] activeExe := WinGetProcessName("A")
D:\Git\EVE-X-Preview\src\Main_Class.ahk (348) : [Main_Class.Prototype.HandleMainTimer] This.PollMainWindows()
> Timer
2026-09-18 12:47:56 +124865046 [ERROR] Program event: Error in Main Timer Active Window Check

D:\Git\EVE-X-Preview\src\Main_Class.ahk:53 Main_Class.Prototype.debugToolTipText.set
D:\Git\EVE-X-Preview\src\Main_Class.ahk (53) : [Main_Class.Prototype.debugToolTipText.set] ProgramLog.Error(Error(addition), "Program event")
D:\Git\EVE-X-Preview\src\Main_Class.ahk (471) : [Main_Class.Prototype.PollMainWindows] This.debugToolTipText .= "Error in Main Timer Active Window Check
"
D:\Git\EVE-X-Preview\src\Main_Class.ahk (348) : [Main_Class.Prototype.HandleMainTimer] This.PollMainWindows()
> Timer
2026-09-18 12:47:56 +124865109 [INFO] Activation focus confirmed; target=396956; foreground=396956
2026-09-18 12:47:56 +124865109 [INFO] endEvent: event ended for: EVE - Takashin Agi
2026-09-18 12:47:56 +124865218 [INFO] Activation requested; target=396894; source=396956
2026-09-18 12:47:56 +124865250 [ERROR] Main timer foreground check: Target window not found.
D:\Git\EVE-X-Preview\src\Main_Class.ahk:429 WinGetProcessName
D:\Git\EVE-X-Preview\src\Main_Class.ahk (429) : [WinGetProcessName] activeExe := WinGetProcessName("A")
D:\Git\EVE-X-Preview\src\Main_Class.ahk (429) : [Main_Class.Prototype.PollMainWindows] activeExe := WinGetProcessName("A")
D:\Git\EVE-X-Preview\src\Main_Class.ahk (348) : [Main_Class.Prototype.HandleMainTimer] This.PollMainWindows()
> Timer
2026-09-18 12:47:56 +124865250 [ERROR] Program event: Error in Main Timer Active Window Check

D:\Git\EVE-X-Preview\src\Main_Class.ahk:53 Main_Class.Prototype.debugToolTipText.set
D:\Git\EVE-X-Preview\src\Main_Class.ahk (53) : [Main_Class.Prototype.debugToolTipText.set] ProgramLog.Error(Error(addition), "Program event")
D:\Git\EVE-X-Preview\src\Main_Class.ahk (471) : [Main_Class.Prototype.PollMainWindows] This.debugToolTipText .= "Error in Main Timer Active Window Check
"
D:\Git\EVE-X-Preview\src\Main_Class.ahk (348) : [Main_Class.Prototype.HandleMainTimer] This.PollMainWindows()
> Timer
2026-09-18 12:47:56 +124865312 [INFO] Activation focus confirmed; target=396894; foreground=396894
2026-09-18 12:47:56 +124865312 [INFO] endEvent: event ended for: EVE - Tapira Osaki
2026-09-18 12:47:56 +124865640 [INFO] Activation requested; target=462564; source=396894
2026-09-18 12:47:56 +124865687 [INFO] Activation focus confirmed; target=462564; foreground=462564
2026-09-18 12:47:56 +124865687 [INFO] endEvent: event ended for: EVE - Myamlyach
2026-09-18 12:47:58 +124867515 [INFO] Activation requested; target=986496; source=462564
2026-09-18 12:47:58 +124867562 [INFO] Activation focus confirmed; target=986496; foreground=986496
2026-09-18 12:47:58 +124867562 [INFO] endEvent: event ended for: EVE - Alyosha your Daddy
2026-09-18 12:47:59 +124868062 [INFO] Activation requested; target=397052; source=986496
2026-09-18 12:47:59 +124868156 [INFO] Activation focus confirmed; target=397052; foreground=397052
2026-09-18 12:47:59 +124868562 [INFO] Activation requested; target=1838794; source=397052
2026-09-18 12:47:59 +124868609 [INFO] Activation focus confirmed; target=1838794; foreground=1838794
2026-09-18 12:48:00 +124869046 [INFO] Activation requested; target=12519826; source=1838794
2026-09-18 12:48:00 +124869109 [INFO] Activation focus confirmed; target=12519826; foreground=12519826
2026-09-18 12:48:00 +124869484 [INFO] Activation requested; target=396958; source=12519826
2026-09-18 12:48:00 +124869546 [INFO] Activation focus confirmed; target=396958; foreground=396958
2026-09-18 12:48:01 +124869890 [INFO] Activation requested; target=1837564; source=396958
2026-09-18 12:48:01 +124869921 [ERROR] Main timer foreground check: Target window not found.
D:\Git\EVE-X-Preview\src\Main_Class.ahk:429 WinGetProcessName
D:\Git\EVE-X-Preview\src\Main_Class.ahk (429) : [WinGetProcessName] activeExe := WinGetProcessName("A")
D:\Git\EVE-X-Preview\src\Main_Class.ahk (429) : [Main_Class.Prototype.PollMainWindows] activeExe := WinGetProcessName("A")
D:\Git\EVE-X-Preview\src\Main_Class.ahk (348) : [Main_Class.Prototype.HandleMainTimer] This.PollMainWindows()
> Timer
2026-09-18 12:48:01 +124869921 [ERROR] Program event: Error in Main Timer Active Window Check

D:\Git\EVE-X-Preview\src\Main_Class.ahk:53 Main_Class.Prototype.debugToolTipText.set
D:\Git\EVE-X-Preview\src\Main_Class.ahk (53) : [Main_Class.Prototype.debugToolTipText.set] ProgramLog.Error(Error(addition), "Program event")
D:\Git\EVE-X-Preview\src\Main_Class.ahk (471) : [Main_Class.Prototype.PollMainWindows] This.debugToolTipText .= "Error in Main Timer Active Window Check
"
D:\Git\EVE-X-Preview\src\Main_Class.ahk (348) : [Main_Class.Prototype.HandleMainTimer] This.PollMainWindows()
> Timer
2026-09-18 12:48:01 +124869984 [INFO] Activation focus confirmed; target=1837564; foreground=1837564
2026-09-18 12:48:01 +124870296 [INFO] Activation requested; target=3803056; source=1837564
2026-09-18 12:48:01 +124870359 [INFO] Activation focus confirmed; target=3803056; foreground=3803056
2026-09-18 12:48:01 +124870671 [INFO] Activation requested; target=396956; source=3803056
2026-09-18 12:48:01 +124870703 [INFO] Activation focus confirmed; target=396956; foreground=396956
2026-09-18 12:48:02 +124871062 [INFO] Activation requested; target=396894; source=396956
2026-09-18 12:48:02 +124871093 [ERROR] Main timer foreground check: Target window not found.
D:\Git\EVE-X-Preview\src\Main_Class.ahk:429 WinGetProcessName
D:\Git\EVE-X-Preview\src\Main_Class.ahk (429) : [WinGetProcessName] activeExe := WinGetProcessName("A")
D:\Git\EVE-X-Preview\src\Main_Class.ahk (429) : [Main_Class.Prototype.PollMainWindows] activeExe := WinGetProcessName("A")
D:\Git\EVE-X-Preview\src\Main_Class.ahk (348) : [Main_Class.Prototype.HandleMainTimer] This.PollMainWindows()
> Timer
2026-09-18 12:48:02 +124871093 [ERROR] Program event: Error in Main Timer Active Window Check

D:\Git\EVE-X-Preview\src\Main_Class.ahk:53 Main_Class.Prototype.debugToolTipText.set
D:\Git\EVE-X-Preview\src\Main_Class.ahk (53) : [Main_Class.Prototype.debugToolTipText.set] ProgramLog.Error(Error(addition), "Program event")
D:\Git\EVE-X-Preview\src\Main_Class.ahk (471) : [Main_Class.Prototype.PollMainWindows] This.debugToolTipText .= "Error in Main Timer Active Window Check
"
D:\Git\EVE-X-Preview\src\Main_Class.ahk (348) : [Main_Class.Prototype.HandleMainTimer] This.PollMainWindows()
> Timer
2026-09-18 12:48:02 +124871156 [INFO] Activation focus confirmed; target=396894; foreground=396894
2026-09-18 12:48:02 +124871484 [INFO] Activation requested; target=462564; source=396894
2026-09-18 12:48:02 +124871531 [INFO] Activation focus confirmed; target=462564; foreground=462564
2026-09-18 12:48:13 +124881875 [INFO] handleEventActivation: event decloaked triggered for: EVE - Tapira Osaki
2026-09-18 12:48:13 +124881875 [INFO] handleEventActivation: event decloaked triggered for: EVE - iBlackMan
2026-09-18 12:48:14 +124882875 [INFO] handleEventActivation: event decloaked triggered for: EVE - Khan Lover
2026-09-18 12:48:14 +124882875 [INFO] handleEventActivation: event decloaked triggered for: EVE - Khivus
2026-09-18 12:48:14 +124882890 [INFO] handleEventActivation: event decloaked triggered for: EVE - Takashin Agi
2026-09-18 12:48:15 +124883875 [INFO] handleEventActivation: event decloaked triggered for: EVE - Alyosha your Daddy
2026-09-18 12:48:15 +124883875 [INFO] handleEventActivation: event decloaked triggered for: EVE - Bubri4
2026-09-18 12:48:16 +124884875 [INFO] handleEventActivation: event decloaked triggered for: EVE - Myamlyach
2026-09-18 12:48:16 +124884875 [INFO] handleEventActivation: event decloaked triggered for: EVE - Rakkadan Aihaken
2026-09-18 12:48:16 +124884875 [INFO] handleEventActivation: event decloaked triggered for: EVE - Svyatoslav Trubochist
2026-09-18 12:48:16 +124884875 [INFO] endEvent: event ended for: EVE - Takashin Agi
2026-09-18 12:48:16 +124884890 [INFO] handleEventActivation: event gateJumped triggered for: EVE - Takashin Agi
2026-09-18 12:48:16 +124884890 [INFO] endEvent: event ended for: EVE - iBlackMan
2026-09-18 12:48:16 +124884890 [INFO] handleEventActivation: event gateJumped triggered for: EVE - iBlackMan
2026-09-18 12:48:17 +124885875 [INFO] endEvent: event ended for: EVE - Khivus
2026-09-18 12:48:17 +124885875 [INFO] handleEventActivation: event gateJumped triggered for: EVE - Khivus
2026-09-18 12:48:17 +124885875 [INFO] endEvent: event ended for: EVE - Tapira Osaki
2026-09-18 12:48:17 +124885875 [INFO] handleEventActivation: event gateJumped triggered for: EVE - Tapira Osaki
2026-09-18 12:48:18 +124886875 [INFO] endEvent: event ended for: EVE - Bubri4
2026-09-18 12:48:18 +124886875 [INFO] handleEventActivation: event gateJumped triggered for: EVE - Bubri4
2026-09-18 12:48:19 +124887875 [INFO] endEvent: event ended for: EVE - Alyosha your Daddy
2026-09-18 12:48:19 +124887875 [INFO] handleEventActivation: event gateJumped triggered for: EVE - Alyosha your Daddy
2026-09-18 12:48:19 +124887875 [INFO] endEvent: event ended for: EVE - Khan Lover
2026-09-18 12:48:19 +124887875 [INFO] handleEventActivation: event gateJumped triggered for: EVE - Khan Lover
2026-09-18 12:48:19 +124887875 [INFO] endEvent: event ended for: EVE - Myamlyach
2026-09-18 12:48:19 +124887875 [INFO] handleEventActivation: event gateJumped triggered for: EVE - Myamlyach
2026-09-18 12:48:20 +124888875 [INFO] endEvent: event ended for: EVE - Rakkadan Aihaken
2026-09-18 12:48:20 +124888875 [INFO] handleEventActivation: event gateJumped triggered for: EVE - Rakkadan Aihaken
2026-09-18 12:48:21 +124889875 [INFO] endEvent: event ended for: EVE - Svyatoslav Trubochist
2026-09-18 12:48:21 +124889875 [INFO] handleEventActivation: event gateJumped triggered for: EVE - Svyatoslav Trubochist
2026-09-18 12:48:27 +124895875 [INFO] endEvent: event ended for: EVE - Alyosha your Daddy
2026-09-18 12:48:27 +124895875 [INFO] handleEventActivation: event fleetWarped triggered for: EVE - Alyosha your Daddy
2026-09-18 12:48:27 +124895875 [INFO] endEvent: event ended for: EVE - Bubri4
2026-09-18 12:48:27 +124895875 [INFO] handleEventActivation: event fleetWarped triggered for: EVE - Bubri4
2026-09-18 12:48:27 +124895875 [INFO] endEvent: event ended for: EVE - Khan Lover
2026-09-18 12:48:27 +124895875 [INFO] handleEventActivation: event fleetWarped triggered for: EVE - Khan Lover
2026-09-18 12:48:27 +124895890 [INFO] endEvent: event ended for: EVE - Khivus
2026-09-18 12:48:27 +124895890 [INFO] handleEventActivation: event fleetWarped triggered for: EVE - Khivus
2026-09-18 12:48:27 +124895890 [INFO] endEvent: event ended for: EVE - Rakkadan Aihaken
2026-09-18 12:48:27 +124895890 [INFO] handleEventActivation: event fleetWarped triggered for: EVE - Rakkadan Aihaken
2026-09-18 12:48:27 +124895890 [INFO] endEvent: event ended for: EVE - Svyatoslav Trubochist
2026-09-18 12:48:27 +124895890 [INFO] handleEventActivation: event fleetWarped triggered for: EVE - Svyatoslav Trubochist
2026-09-18 12:48:27 +124895906 [INFO] endEvent: event ended for: EVE - Takashin Agi
2026-09-18 12:48:27 +124895906 [INFO] handleEventActivation: event fleetWarped triggered for: EVE - Takashin Agi
2026-09-18 12:48:27 +124895906 [INFO] endEvent: event ended for: EVE - Tapira Osaki
2026-09-18 12:48:27 +124895906 [INFO] handleEventActivation: event fleetWarped triggered for: EVE - Tapira Osaki
2026-09-18 12:48:27 +124895906 [INFO] endEvent: event ended for: EVE - iBlackMan
2026-09-18 12:48:27 +124895906 [INFO] handleEventActivation: event fleetWarped triggered for: EVE - iBlackMan
2026-09-18 12:48:31 +124900796 [INFO] Activation requested; target=986496; source=462564
2026-09-18 12:48:32 +124900843 [INFO] Activation focus confirmed; target=986496; foreground=986496
2026-09-18 12:48:32 +124900843 [INFO] endEvent: event ended for: EVE - Alyosha your Daddy
2026-09-18 12:48:32 +124901187 [INFO] Activation requested; target=397052; source=986496
2026-09-18 12:48:32 +124901218 [INFO] Activation focus confirmed; target=397052; foreground=397052
2026-09-18 12:48:32 +124901218 [INFO] endEvent: event ended for: EVE - Bubri4
2026-09-18 12:48:32 +124901562 [INFO] Activation requested; target=1838794; source=397052
2026-09-18 12:48:32 +124901593 [ERROR] Main timer foreground check: Target window not found.
D:\Git\EVE-X-Preview\src\Main_Class.ahk:429 WinGetProcessName
D:\Git\EVE-X-Preview\src\Main_Class.ahk (429) : [WinGetProcessName] activeExe := WinGetProcessName("A")
D:\Git\EVE-X-Preview\src\Main_Class.ahk (429) : [Main_Class.Prototype.PollMainWindows] activeExe := WinGetProcessName("A")
D:\Git\EVE-X-Preview\src\Main_Class.ahk (348) : [Main_Class.Prototype.HandleMainTimer] This.PollMainWindows()
> Timer
2026-09-18 12:48:32 +124901593 [ERROR] Program event: Error in Main Timer Active Window Check

D:\Git\EVE-X-Preview\src\Main_Class.ahk:53 Main_Class.Prototype.debugToolTipText.set
D:\Git\EVE-X-Preview\src\Main_Class.ahk (53) : [Main_Class.Prototype.debugToolTipText.set] ProgramLog.Error(Error(addition), "Program event")
D:\Git\EVE-X-Preview\src\Main_Class.ahk (471) : [Main_Class.Prototype.PollMainWindows] This.debugToolTipText .= "Error in Main Timer Active Window Check
"
D:\Git\EVE-X-Preview\src\Main_Class.ahk (348) : [Main_Class.Prototype.HandleMainTimer] This.PollMainWindows()
> Timer
2026-09-18 12:48:32 +124901656 [INFO] Activation focus confirmed; target=1838794; foreground=1838794
2026-09-18 12:48:32 +124901656 [INFO] endEvent: event ended for: EVE - iBlackMan
2026-09-18 12:48:33 +124901906 [INFO] Activation requested; target=12519826; source=1838794
2026-09-18 12:48:33 +124901968 [INFO] Activation focus confirmed; target=12519826; foreground=12519826
2026-09-18 12:48:33 +124901968 [INFO] endEvent: event ended for: EVE - Khan Lover
2026-09-18 12:48:33 +124902296 [INFO] Activation requested; target=396958; source=12519826
2026-09-18 12:48:33 +124902343 [INFO] Activation focus confirmed; target=396958; foreground=396958
2026-09-18 12:48:33 +124902343 [INFO] endEvent: event ended for: EVE - Khivus
2026-09-18 12:48:33 +124902656 [INFO] Activation requested; target=1837564; source=396958
2026-09-18 12:48:33 +124902718 [INFO] Activation focus confirmed; target=1837564; foreground=1837564
2026-09-18 12:48:33 +124902718 [INFO] endEvent: event ended for: EVE - Rakkadan Aihaken
2026-09-18 12:48:34 +124903015 [INFO] Activation requested; target=3803056; source=1837564
2026-09-18 12:48:34 +124903046 [ERROR] Main timer foreground check: Target window not found.
D:\Git\EVE-X-Preview\src\Main_Class.ahk:429 WinGetProcessName
D:\Git\EVE-X-Preview\src\Main_Class.ahk (429) : [WinGetProcessName] activeExe := WinGetProcessName("A")
D:\Git\EVE-X-Preview\src\Main_Class.ahk (429) : [Main_Class.Prototype.PollMainWindows] activeExe := WinGetProcessName("A")
D:\Git\EVE-X-Preview\src\Main_Class.ahk (348) : [Main_Class.Prototype.HandleMainTimer] This.PollMainWindows()
> Timer
2026-09-18 12:48:34 +124903046 [ERROR] Program event: Error in Main Timer Active Window Check

D:\Git\EVE-X-Preview\src\Main_Class.ahk:53 Main_Class.Prototype.debugToolTipText.set
D:\Git\EVE-X-Preview\src\Main_Class.ahk (53) : [Main_Class.Prototype.debugToolTipText.set] ProgramLog.Error(Error(addition), "Program event")
D:\Git\EVE-X-Preview\src\Main_Class.ahk (471) : [Main_Class.Prototype.PollMainWindows] This.debugToolTipText .= "Error in Main Timer Active Window Check
"
D:\Git\EVE-X-Preview\src\Main_Class.ahk (348) : [Main_Class.Prototype.HandleMainTimer] This.PollMainWindows()
> Timer
2026-09-18 12:48:34 +124903109 [INFO] Activation focus confirmed; target=3803056; foreground=3803056
2026-09-18 12:48:34 +124903109 [INFO] endEvent: event ended for: EVE - Svyatoslav Trubochist
2026-09-18 12:48:34 +124903359 [INFO] Activation requested; target=396956; source=3803056
2026-09-18 12:48:34 +124903390 [INFO] Activation focus confirmed; target=396956; foreground=396956
2026-09-18 12:48:34 +124903390 [INFO] endEvent: event ended for: EVE - Takashin Agi
2026-09-18 12:48:34 +124903703 [INFO] Activation requested; target=396894; source=396956
2026-09-18 12:48:34 +124903765 [INFO] Activation focus confirmed; target=396894; foreground=396894
2026-09-18 12:48:34 +124903765 [INFO] endEvent: event ended for: EVE - Tapira Osaki
2026-09-18 12:48:35 +124904140 [INFO] Activation requested; target=986496; source=396894
2026-09-18 12:48:35 +124904171 [INFO] Activation focus confirmed; target=986496; foreground=986496
2026-09-18 12:48:35 +124904359 [INFO] Activation requested; target=397052; source=986496
2026-09-18 12:48:35 +124904390 [INFO] Activation focus confirmed; target=397052; foreground=397052
2026-09-18 12:48:35 +124904531 [INFO] Activation requested; target=1838794; source=397052
2026-09-18 12:48:35 +124904578 [INFO] Activation focus confirmed; target=1838794; foreground=1838794
2026-09-18 12:48:35 +124904828 [INFO] Activation requested; target=462564; source=1838794
2026-09-18 12:48:36 +124904859 [ERROR] Main timer foreground check: Target window not found.
D:\Git\EVE-X-Preview\src\Main_Class.ahk:429 WinGetProcessName
D:\Git\EVE-X-Preview\src\Main_Class.ahk (429) : [WinGetProcessName] activeExe := WinGetProcessName("A")
D:\Git\EVE-X-Preview\src\Main_Class.ahk (429) : [Main_Class.Prototype.PollMainWindows] activeExe := WinGetProcessName("A")
D:\Git\EVE-X-Preview\src\Main_Class.ahk (348) : [Main_Class.Prototype.HandleMainTimer] This.PollMainWindows()
> Timer
2026-09-18 12:48:36 +124904859 [ERROR] Program event: Error in Main Timer Active Window Check

D:\Git\EVE-X-Preview\src\Main_Class.ahk:53 Main_Class.Prototype.debugToolTipText.set
D:\Git\EVE-X-Preview\src\Main_Class.ahk (53) : [Main_Class.Prototype.debugToolTipText.set] ProgramLog.Error(Error(addition), "Program event")
D:\Git\EVE-X-Preview\src\Main_Class.ahk (471) : [Main_Class.Prototype.PollMainWindows] This.debugToolTipText .= "Error in Main Timer Active Window Check
"
D:\Git\EVE-X-Preview\src\Main_Class.ahk (348) : [Main_Class.Prototype.HandleMainTimer] This.PollMainWindows()
> Timer
2026-09-18 12:48:36 +124904921 [INFO] Activation focus confirmed; target=462564; foreground=462564
2026-09-18 12:48:36 +124904921 [INFO] endEvent: event ended for: EVE - Myamlyach
2026-09-18 12:48:51 +124919875 [INFO] handleEventActivation: event gateJumped triggered for: EVE - Alyosha your Daddy
2026-09-18 12:48:51 +124919875 [INFO] handleEventActivation: event gateJumped triggered for: EVE - Khivus
2026-09-18 12:48:52 +124920875 [INFO] handleEventActivation: event gateJumped triggered for: EVE - Bubri4
2026-09-18 12:48:52 +124920875 [INFO] endEvent: event ended for: EVE - Khivus
2026-09-18 12:48:52 +124920875 [INFO] handleEventActivation: event gateJumped triggered for: EVE - Khivus
2026-09-18 12:48:52 +124920890 [INFO] handleEventActivation: event gateJumped triggered for: EVE - Svyatoslav Trubochist
2026-09-18 12:48:52 +124920890 [INFO] handleEventActivation: event gateJumped triggered for: EVE - Takashin Agi
2026-09-18 12:48:53 +124921875 [INFO] endEvent: event ended for: EVE - Alyosha your Daddy
2026-09-18 12:48:53 +124921875 [INFO] handleEventActivation: event gateJumped triggered for: EVE - Alyosha your Daddy
2026-09-18 12:48:53 +124921875 [INFO] handleEventActivation: event gateJumped triggered for: EVE - Khan Lover
2026-09-18 12:48:53 +124921875 [INFO] handleEventActivation: event gateJumped triggered for: EVE - Myamlyach
2026-09-18 12:48:53 +124921875 [INFO] endEvent: event ended for: EVE - Svyatoslav Trubochist
2026-09-18 12:48:53 +124921890 [INFO] handleEventActivation: event gateJumped triggered for: EVE - Svyatoslav Trubochist
2026-09-18 12:48:53 +124921890 [INFO] endEvent: event ended for: EVE - Takashin Agi
2026-09-18 12:48:53 +124921890 [INFO] handleEventActivation: event gateJumped triggered for: EVE - Takashin Agi
2026-09-18 12:48:53 +124921890 [INFO] handleEventActivation: event gateJumped triggered for: EVE - Tapira Osaki
2026-09-18 12:48:53 +124921890 [INFO] handleEventActivation: event gateJumped triggered for: EVE - iBlackMan
2026-09-18 12:48:54 +124922875 [INFO] endEvent: event ended for: EVE - Bubri4
2026-09-18 12:48:54 +124922875 [INFO] handleEventActivation: event gateJumped triggered for: EVE - Bubri4
2026-09-18 12:48:54 +124922875 [INFO] endEvent: event ended for: EVE - Khan Lover
2026-09-18 12:48:54 +124922875 [INFO] handleEventActivation: event gateJumped triggered for: EVE - Khan Lover
2026-09-18 12:48:54 +124922875 [INFO] endEvent: event ended for: EVE - Myamlyach
2026-09-18 12:48:54 +124922875 [INFO] handleEventActivation: event gateJumped triggered for: EVE - Myamlyach
2026-09-18 12:48:54 +124922890 [INFO] handleEventActivation: event gateJumped triggered for: EVE - Rakkadan Aihaken
2026-09-18 12:48:54 +124922890 [INFO] endEvent: event ended for: EVE - Tapira Osaki
2026-09-18 12:48:54 +124922890 [INFO] handleEventActivation: event gateJumped triggered for: EVE - Tapira Osaki
2026-09-18 12:48:55 +124923875 [INFO] endEvent: event ended for: EVE - Rakkadan Aihaken
2026-09-18 12:48:55 +124923875 [INFO] handleEventActivation: event gateJumped triggered for: EVE - Rakkadan Aihaken
2026-09-18 12:49:02 +124930875 [INFO] endEvent: event ended for: EVE - Khivus
2026-09-18 12:49:02 +124930875 [INFO] handleEventActivation: event fleetWarped triggered for: EVE - Khivus
2026-09-18 12:49:02 +124930875 [INFO] endEvent: event ended for: EVE - Svyatoslav Trubochist
2026-09-18 12:49:02 +124930875 [INFO] handleEventActivation: event fleetWarped triggered for: EVE - Svyatoslav Trubochist
2026-09-18 12:49:03 +124931875 [INFO] endEvent: event ended for: EVE - Alyosha your Daddy
2026-09-18 12:49:03 +124931875 [INFO] handleEventActivation: event fleetWarped triggered for: EVE - Alyosha your Daddy
2026-09-18 12:49:03 +124931875 [INFO] endEvent: event ended for: EVE - Bubri4
2026-09-18 12:49:03 +124931875 [INFO] handleEventActivation: event fleetWarped triggered for: EVE - Bubri4
2026-09-18 12:49:03 +124931875 [INFO] endEvent: event ended for: EVE - Khan Lover
2026-09-18 12:49:03 +124931875 [INFO] handleEventActivation: event fleetWarped triggered for: EVE - Khan Lover
2026-09-18 12:49:03 +124931890 [INFO] endEvent: event ended for: EVE - Rakkadan Aihaken
2026-09-18 12:49:03 +124931890 [INFO] handleEventActivation: event fleetWarped triggered for: EVE - Rakkadan Aihaken
2026-09-18 12:49:03 +124931890 [INFO] endEvent: event ended for: EVE - Takashin Agi
2026-09-18 12:49:03 +124931890 [INFO] handleEventActivation: event fleetWarped triggered for: EVE - Takashin Agi
2026-09-18 12:49:03 +124931890 [INFO] endEvent: event ended for: EVE - Tapira Osaki
2026-09-18 12:49:03 +124931890 [INFO] handleEventActivation: event fleetWarped triggered for: EVE - Tapira Osaki
2026-09-18 12:49:03 +124931906 [INFO] endEvent: event ended for: EVE - iBlackMan
2026-09-18 12:49:03 +124931906 [INFO] handleEventActivation: event fleetWarped triggered for: EVE - iBlackMan
2026-09-18 12:49:27 +124955875 [INFO] endEvent: event ended for: EVE - Bubri4
2026-09-18 12:49:27 +124955875 [INFO] handleEventActivation: event gateJumped triggered for: EVE - Bubri4
2026-09-18 12:49:28 +124956875 [INFO] endEvent: event ended for: EVE - Bubri4
2026-09-18 12:49:28 +124956875 [INFO] handleEventActivation: event gateJumped triggered for: EVE - Bubri4
2026-09-18 12:49:28 +124956875 [INFO] endEvent: event ended for: EVE - Khan Lover
2026-09-18 12:49:28 +124956875 [INFO] handleEventActivation: event gateJumped triggered for: EVE - Khan Lover
2026-09-18 12:49:28 +124956890 [INFO] endEvent: event ended for: EVE - Tapira Osaki
2026-09-18 12:49:28 +124956890 [INFO] handleEventActivation: event gateJumped triggered for: EVE - Tapira Osaki
2026-09-18 12:49:28 +124956890 [INFO] endEvent: event ended for: EVE - iBlackMan
2026-09-18 12:49:28 +124956890 [INFO] handleEventActivation: event gateJumped triggered for: EVE - iBlackMan
2026-09-18 12:49:29 +124957875 [INFO] endEvent: event ended for: EVE - Alyosha your Daddy
2026-09-18 12:49:29 +124957875 [INFO] handleEventActivation: event gateJumped triggered for: EVE - Alyosha your Daddy
2026-09-18 12:49:29 +124957875 [INFO] endEvent: event ended for: EVE - Khivus
2026-09-18 12:49:29 +124957875 [INFO] handleEventActivation: event gateJumped triggered for: EVE - Khivus
2026-09-18 12:49:29 +124957890 [INFO] endEvent: event ended for: EVE - Myamlyach
2026-09-18 12:49:29 +124957890 [INFO] handleEventActivation: event gateJumped triggered for: EVE - Myamlyach
2026-09-18 12:49:29 +124957890 [INFO] endEvent: event ended for: EVE - Rakkadan Aihaken
2026-09-18 12:49:29 +124957890 [INFO] handleEventActivation: event gateJumped triggered for: EVE - Rakkadan Aihaken
2026-09-18 12:49:29 +124957890 [INFO] endEvent: event ended for: EVE - Tapira Osaki
2026-09-18 12:49:29 +124957890 [INFO] handleEventActivation: event gateJumped triggered for: EVE - Tapira Osaki
2026-09-18 12:49:29 +124957890 [INFO] endEvent: event ended for: EVE - iBlackMan
2026-09-18 12:49:29 +124957906 [INFO] handleEventActivation: event gateJumped triggered for: EVE - iBlackMan
2026-09-18 12:49:30 +124958875 [INFO] endEvent: event ended for: EVE - Khan Lover
2026-09-18 12:49:30 +124958875 [INFO] handleEventActivation: event gateJumped triggered for: EVE - Khan Lover
2026-09-18 12:49:30 +124958875 [INFO] endEvent: event ended for: EVE - Khivus
2026-09-18 12:49:30 +124958875 [INFO] handleEventActivation: event gateJumped triggered for: EVE - Khivus
2026-09-18 12:49:30 +124958875 [INFO] endEvent: event ended for: EVE - Myamlyach
2026-09-18 12:49:30 +124958890 [INFO] handleEventActivation: event gateJumped triggered for: EVE - Myamlyach
2026-09-18 12:49:30 +124958890 [INFO] endEvent: event ended for: EVE - Svyatoslav Trubochist
2026-09-18 12:49:30 +124958890 [INFO] handleEventActivation: event gateJumped triggered for: EVE - Svyatoslav Trubochist
2026-09-18 12:49:30 +124958890 [INFO] endEvent: event ended for: EVE - Takashin Agi
2026-09-18 12:49:30 +124958890 [INFO] handleEventActivation: event gateJumped triggered for: EVE - Takashin Agi
2026-09-18 12:49:31 +124959875 [INFO] endEvent: event ended for: EVE - Svyatoslav Trubochist
2026-09-18 12:49:31 +124959875 [INFO] handleEventActivation: event gateJumped triggered for: EVE - Svyatoslav Trubochist
2026-09-18 12:49:31 +124959875 [INFO] endEvent: event ended for: EVE - Takashin Agi
2026-09-18 12:49:31 +124959875 [INFO] handleEventActivation: event gateJumped triggered for: EVE - Takashin Agi
2026-09-18 12:49:39 +124967875 [INFO] endEvent: event ended for: EVE - Alyosha your Daddy
2026-09-18 12:49:39 +124967875 [INFO] handleEventActivation: event fleetWarped triggered for: EVE - Alyosha your Daddy
2026-09-18 12:49:39 +124967875 [INFO] endEvent: event ended for: EVE - Bubri4
2026-09-18 12:49:39 +124967875 [INFO] handleEventActivation: event fleetWarped triggered for: EVE - Bubri4
2026-09-18 12:49:39 +124967875 [INFO] endEvent: event ended for: EVE - Khan Lover
2026-09-18 12:49:39 +124967875 [INFO] handleEventActivation: event fleetWarped triggered for: EVE - Khan Lover
2026-09-18 12:49:39 +124967890 [INFO] endEvent: event ended for: EVE - Khivus
2026-09-18 12:49:39 +124967890 [INFO] handleEventActivation: event fleetWarped triggered for: EVE - Khivus
2026-09-18 12:49:39 +124967890 [INFO] endEvent: event ended for: EVE - Rakkadan Aihaken
2026-09-18 12:49:39 +124967890 [INFO] handleEventActivation: event fleetWarped triggered for: EVE - Rakkadan Aihaken
2026-09-18 12:49:39 +124967890 [INFO] endEvent: event ended for: EVE - Svyatoslav Trubochist
2026-09-18 12:49:39 +124967890 [INFO] handleEventActivation: event fleetWarped triggered for: EVE - Svyatoslav Trubochist
2026-09-18 12:49:39 +124967906 [INFO] endEvent: event ended for: EVE - Takashin Agi
2026-09-18 12:49:39 +124967906 [INFO] handleEventActivation: event fleetWarped triggered for: EVE - Takashin Agi
2026-09-18 12:49:39 +124967906 [INFO] endEvent: event ended for: EVE - Tapira Osaki
2026-09-18 12:49:39 +124967906 [INFO] handleEventActivation: event fleetWarped triggered for: EVE - Tapira Osaki
2026-09-18 12:49:39 +124967906 [INFO] endEvent: event ended for: EVE - iBlackMan
2026-09-18 12:49:39 +124967906 [INFO] handleEventActivation: event fleetWarped triggered for: EVE - iBlackMan
2026-09-18 12:50:00 +124988875 [INFO] endEvent: event ended for: EVE - Alyosha your Daddy
2026-09-18 12:50:00 +124988875 [INFO] handleEventActivation: event gateJumped triggered for: EVE - Alyosha your Daddy
2026-09-18 12:50:00 +124988875 [INFO] endEvent: event ended for: EVE - Khan Lover
2026-09-18 12:50:00 +124988875 [INFO] handleEventActivation: event gateJumped triggered for: EVE - Khan Lover
2026-09-18 12:50:00 +124988875 [INFO] endEvent: event ended for: EVE - Myamlyach
2026-09-18 12:50:00 +124988875 [INFO] handleEventActivation: event gateJumped triggered for: EVE - Myamlyach
2026-09-18 12:50:00 +124988890 [INFO] endEvent: event ended for: EVE - Rakkadan Aihaken
2026-09-18 12:50:00 +124988890 [INFO] handleEventActivation: event gateJumped triggered for: EVE - Rakkadan Aihaken
2026-09-18 12:50:01 +124989875 [INFO] endEvent: event ended for: EVE - Alyosha your Daddy
2026-09-18 12:50:01 +124989875 [INFO] handleEventActivation: event gateJumped triggered for: EVE - Alyosha your Daddy
2026-09-18 12:50:01 +124989875 [INFO] endEvent: event ended for: EVE - Bubri4
2026-09-18 12:50:01 +124989875 [INFO] handleEventActivation: event gateJumped triggered for: EVE - Bubri4
2026-09-18 12:50:01 +124989875 [INFO] endEvent: event ended for: EVE - Khivus
2026-09-18 12:50:01 +124989875 [INFO] handleEventActivation: event gateJumped triggered for: EVE - Khivus
2026-09-18 12:50:01 +124989890 [INFO] endEvent: event ended for: EVE - Myamlyach
2026-09-18 12:50:01 +124989890 [INFO] handleEventActivation: event gateJumped triggered for: EVE - Myamlyach
2026-09-18 12:50:01 +124989890 [INFO] endEvent: event ended for: EVE - Rakkadan Aihaken
2026-09-18 12:50:01 +124989890 [INFO] handleEventActivation: event gateJumped triggered for: EVE - Rakkadan Aihaken
2026-09-18 12:50:01 +124989890 [INFO] endEvent: event ended for: EVE - Svyatoslav Trubochist
2026-09-18 12:50:01 +124989890 [INFO] handleEventActivation: event gateJumped triggered for: EVE - Svyatoslav Trubochist
2026-09-18 12:50:01 +124989906 [INFO] endEvent: event ended for: EVE - Takashin Agi
2026-09-18 12:50:01 +124989906 [INFO] handleEventActivation: event gateJumped triggered for: EVE - Takashin Agi
2026-09-18 12:50:01 +124989906 [INFO] endEvent: event ended for: EVE - iBlackMan
2026-09-18 12:50:01 +124989906 [INFO] handleEventActivation: event gateJumped triggered for: EVE - iBlackMan
2026-09-18 12:50:02 +124990875 [INFO] endEvent: event ended for: EVE - Khan Lover
2026-09-18 12:50:02 +124990875 [INFO] handleEventActivation: event gateJumped triggered for: EVE - Khan Lover
2026-09-18 12:50:02 +124990875 [INFO] endEvent: event ended for: EVE - Tapira Osaki
2026-09-18 12:50:02 +124990875 [INFO] handleEventActivation: event gateJumped triggered for: EVE - Tapira Osaki
2026-09-18 12:50:02 +124990875 [INFO] endEvent: event ended for: EVE - iBlackMan
2026-09-18 12:50:02 +124990875 [INFO] handleEventActivation: event gateJumped triggered for: EVE - iBlackMan
2026-09-18 12:50:03 +124991875 [INFO] endEvent: event ended for: EVE - Bubri4
2026-09-18 12:50:03 +124991875 [INFO] handleEventActivation: event gateJumped triggered for: EVE - Bubri4
2026-09-18 12:50:03 +124991875 [INFO] endEvent: event ended for: EVE - Svyatoslav Trubochist
2026-09-18 12:50:03 +124991875 [INFO] handleEventActivation: event gateJumped triggered for: EVE - Svyatoslav Trubochist
2026-09-18 12:50:03 +124991875 [INFO] endEvent: event ended for: EVE - Takashin Agi
2026-09-18 12:50:03 +124991875 [INFO] handleEventActivation: event gateJumped triggered for: EVE - Takashin Agi
2026-09-18 12:50:03 +124991890 [INFO] endEvent: event ended for: EVE - Tapira Osaki
2026-09-18 12:50:03 +124991890 [INFO] handleEventActivation: event gateJumped triggered for: EVE - Tapira Osaki
2026-09-18 12:50:10 +124998875 [INFO] endEvent: event ended for: EVE - Khan Lover
2026-09-18 12:50:10 +124998875 [INFO] handleEventActivation: event fleetWarped triggered for: EVE - Khan Lover
2026-09-18 12:50:10 +124998875 [INFO] endEvent: event ended for: EVE - Khivus
2026-09-18 12:50:10 +124998875 [INFO] handleEventActivation: event fleetWarped triggered for: EVE - Khivus
2026-09-18 12:50:10 +124998890 [INFO] endEvent: event ended for: EVE - Rakkadan Aihaken
2026-09-18 12:50:10 +124998890 [INFO] handleEventActivation: event fleetWarped triggered for: EVE - Rakkadan Aihaken
2026-09-18 12:50:10 +124998890 [INFO] endEvent: event ended for: EVE - Svyatoslav Trubochist
2026-09-18 12:50:10 +124998890 [INFO] handleEventActivation: event fleetWarped triggered for: EVE - Svyatoslav Trubochist
2026-09-18 12:50:10 +124998890 [INFO] endEvent: event ended for: EVE - Takashin Agi
2026-09-18 12:50:10 +124998890 [INFO] handleEventActivation: event fleetWarped triggered for: EVE - Takashin Agi
2026-09-18 12:50:10 +124998906 [INFO] endEvent: event ended for: EVE - iBlackMan
2026-09-18 12:50:10 +124998906 [INFO] handleEventActivation: event fleetWarped triggered for: EVE - iBlackMan
2026-09-18 12:50:11 +124999875 [INFO] endEvent: event ended for: EVE - Alyosha your Daddy
2026-09-18 12:50:11 +124999875 [INFO] handleEventActivation: event fleetWarped triggered for: EVE - Alyosha your Daddy
2026-09-18 12:50:11 +124999875 [INFO] endEvent: event ended for: EVE - Bubri4
2026-09-18 12:50:11 +124999875 [INFO] handleEventActivation: event fleetWarped triggered for: EVE - Bubri4
2026-09-18 12:50:11 +124999875 [INFO] endEvent: event ended for: EVE - Tapira Osaki
2026-09-18 12:50:11 +124999875 [INFO] handleEventActivation: event fleetWarped triggered for: EVE - Tapira Osaki
2026-09-18 12:50:33 +125021875 [INFO] endEvent: event ended for: EVE - Khivus
2026-09-18 12:50:33 +125021875 [INFO] handleEventActivation: event gateJumped triggered for: EVE - Khivus
2026-09-18 12:50:33 +125021875 [INFO] endEvent: event ended for: EVE - Myamlyach
2026-09-18 12:50:33 +125021875 [INFO] handleEventActivation: event gateJumped triggered for: EVE - Myamlyach
2026-09-18 12:50:33 +125021875 [INFO] endEvent: event ended for: EVE - Svyatoslav Trubochist
2026-09-18 12:50:33 +125021875 [INFO] handleEventActivation: event gateJumped triggered for: EVE - Svyatoslav Trubochist
2026-09-18 12:50:34 +125022875 [INFO] endEvent: event ended for: EVE - Alyosha your Daddy
2026-09-18 12:50:34 +125022875 [INFO] handleEventActivation: event gateJumped triggered for: EVE - Alyosha your Daddy
2026-09-18 12:50:34 +125022875 [INFO] endEvent: event ended for: EVE - Bubri4
2026-09-18 12:50:34 +125022890 [INFO] handleEventActivation: event gateJumped triggered for: EVE - Bubri4
2026-09-18 12:50:34 +125022890 [INFO] endEvent: event ended for: EVE - Khivus
2026-09-18 12:50:34 +125022890 [INFO] handleEventActivation: event gateJumped triggered for: EVE - Khivus
2026-09-18 12:50:34 +125022890 [INFO] endEvent: event ended for: EVE - Rakkadan Aihaken
2026-09-18 12:50:34 +125022890 [INFO] handleEventActivation: event gateJumped triggered for: EVE - Rakkadan Aihaken
2026-09-18 12:50:34 +125022890 [INFO] endEvent: event ended for: EVE - Takashin Agi
2026-09-18 12:50:34 +125022890 [INFO] handleEventActivation: event gateJumped triggered for: EVE - Takashin Agi
2026-09-18 12:50:35 +125023875 [INFO] endEvent: event ended for: EVE - Alyosha your Daddy
2026-09-18 12:50:35 +125023875 [INFO] handleEventActivation: event gateJumped triggered for: EVE - Alyosha your Daddy
2026-09-18 12:50:35 +125023875 [INFO] endEvent: event ended for: EVE - Bubri4
2026-09-18 12:50:35 +125023875 [INFO] handleEventActivation: event gateJumped triggered for: EVE - Bubri4
2026-09-18 12:50:35 +125023875 [INFO] endEvent: event ended for: EVE - Khan Lover
2026-09-18 12:50:35 +125023875 [INFO] handleEventActivation: event gateJumped triggered for: EVE - Khan Lover
2026-09-18 12:50:35 +125023890 [INFO] endEvent: event ended for: EVE - Myamlyach
2026-09-18 12:50:35 +125023890 [INFO] handleEventActivation: event gateJumped triggered for: EVE - Myamlyach
2026-09-18 12:50:35 +125023890 [INFO] endEvent: event ended for: EVE - Rakkadan Aihaken
2026-09-18 12:50:35 +125023890 [INFO] handleEventActivation: event gateJumped triggered for: EVE - Rakkadan Aihaken
2026-09-18 12:50:35 +125023890 [INFO] endEvent: event ended for: EVE - Svyatoslav Trubochist
2026-09-18 12:50:35 +125023890 [INFO] handleEventActivation: event gateJumped triggered for: EVE - Svyatoslav Trubochist
2026-09-18 12:50:35 +125023890 [INFO] endEvent: event ended for: EVE - Tapira Osaki
2026-09-18 12:50:35 +125023906 [INFO] handleEventActivation: event gateJumped triggered for: EVE - Tapira Osaki
2026-09-18 12:50:35 +125023906 [INFO] endEvent: event ended for: EVE - iBlackMan
2026-09-18 12:50:35 +125023906 [INFO] handleEventActivation: event gateJumped triggered for: EVE - iBlackMan
2026-09-18 12:50:36 +125024875 [INFO] endEvent: event ended for: EVE - Khan Lover
2026-09-18 12:50:36 +125024875 [INFO] handleEventActivation: event gateJumped triggered for: EVE - Khan Lover
2026-09-18 12:50:36 +125024890 [INFO] endEvent: event ended for: EVE - Takashin Agi
2026-09-18 12:50:36 +125024890 [INFO] handleEventActivation: event gateJumped triggered for: EVE - Takashin Agi
2026-09-18 12:50:36 +125024890 [INFO] endEvent: event ended for: EVE - Tapira Osaki
2026-09-18 12:50:36 +125024890 [INFO] handleEventActivation: event gateJumped triggered for: EVE - Tapira Osaki
2026-09-18 12:50:36 +125024890 [INFO] endEvent: event ended for: EVE - iBlackMan
2026-09-18 12:50:36 +125024890 [INFO] handleEventActivation: event gateJumped triggered for: EVE - iBlackMan
2026-09-18 12:50:44 +125032875 [INFO] endEvent: event ended for: EVE - Alyosha your Daddy
2026-09-18 12:50:44 +125032875 [INFO] handleEventActivation: event fleetWarped triggered for: EVE - Alyosha your Daddy
2026-09-18 12:50:44 +125032875 [INFO] endEvent: event ended for: EVE - Bubri4
2026-09-18 12:50:44 +125032890 [INFO] handleEventActivation: event fleetWarped triggered for: EVE - Bubri4
2026-09-18 12:50:44 +125032890 [INFO] endEvent: event ended for: EVE - Khan Lover
2026-09-18 12:50:44 +125032890 [INFO] handleEventActivation: event fleetWarped triggered for: EVE - Khan Lover
2026-09-18 12:50:44 +125032890 [INFO] endEvent: event ended for: EVE - Rakkadan Aihaken
2026-09-18 12:50:44 +125032890 [INFO] handleEventActivation: event fleetWarped triggered for: EVE - Rakkadan Aihaken
2026-09-18 12:50:44 +125032890 [INFO] endEvent: event ended for: EVE - Svyatoslav Trubochist
2026-09-18 12:50:44 +125032906 [INFO] handleEventActivation: event fleetWarped triggered for: EVE - Svyatoslav Trubochist
2026-09-18 12:50:44 +125032906 [INFO] endEvent: event ended for: EVE - Takashin Agi
2026-09-18 12:50:44 +125032906 [INFO] handleEventActivation: event fleetWarped triggered for: EVE - Takashin Agi
2026-09-18 12:50:44 +125032906 [INFO] endEvent: event ended for: EVE - Tapira Osaki
2026-09-18 12:50:44 +125032906 [INFO] handleEventActivation: event fleetWarped triggered for: EVE - Tapira Osaki
2026-09-18 12:50:44 +125032906 [INFO] endEvent: event ended for: EVE - iBlackMan
2026-09-18 12:50:44 +125032906 [INFO] handleEventActivation: event fleetWarped triggered for: EVE - iBlackMan
2026-09-18 12:50:45 +125033875 [INFO] endEvent: event ended for: EVE - Khivus
2026-09-18 12:50:45 +125033875 [INFO] handleEventActivation: event fleetWarped triggered for: EVE - Khivus
2026-09-18 12:51:08 +125056875 [INFO] endEvent: event ended for: EVE - Alyosha your Daddy
2026-09-18 12:51:08 +125056875 [INFO] handleEventActivation: event gateJumped triggered for: EVE - Alyosha your Daddy
2026-09-18 12:51:09 +125057875 [INFO] endEvent: event ended for: EVE - Alyosha your Daddy
2026-09-18 12:51:09 +125057875 [INFO] handleEventActivation: event gateJumped triggered for: EVE - Alyosha your Daddy
2026-09-18 12:51:09 +125057875 [INFO] endEvent: event ended for: EVE - Bubri4
2026-09-18 12:51:09 +125057875 [INFO] handleEventActivation: event gateJumped triggered for: EVE - Bubri4
2026-09-18 12:51:09 +125057875 [INFO] endEvent: event ended for: EVE - Khivus
2026-09-18 12:51:09 +125057875 [INFO] handleEventActivation: event gateJumped triggered for: EVE - Khivus
2026-09-18 12:51:09 +125057890 [INFO] endEvent: event ended for: EVE - Rakkadan Aihaken
2026-09-18 12:51:09 +125057890 [INFO] handleEventActivation: event gateJumped triggered for: EVE - Rakkadan Aihaken
2026-09-18 12:51:09 +125057890 [INFO] endEvent: event ended for: EVE - Svyatoslav Trubochist
2026-09-18 12:51:09 +125057890 [INFO] handleEventActivation: event gateJumped triggered for: EVE - Svyatoslav Trubochist
2026-09-18 12:51:09 +125057890 [INFO] endEvent: event ended for: EVE - Takashin Agi
2026-09-18 12:51:09 +125057890 [INFO] handleEventActivation: event gateJumped triggered for: EVE - Takashin Agi
2026-09-18 12:51:09 +125057906 [INFO] endEvent: event ended for: EVE - Tapira Osaki
2026-09-18 12:51:09 +125057906 [INFO] handleEventActivation: event gateJumped triggered for: EVE - Tapira Osaki
2026-09-18 12:51:09 +125057906 [INFO] endEvent: event ended for: EVE - iBlackMan
2026-09-18 12:51:09 +125057906 [INFO] handleEventActivation: event gateJumped triggered for: EVE - iBlackMan
2026-09-18 12:51:10 +125058875 [INFO] endEvent: event ended for: EVE - Khivus
2026-09-18 12:51:10 +125058875 [INFO] handleEventActivation: event gateJumped triggered for: EVE - Khivus
2026-09-18 12:51:10 +125058875 [INFO] endEvent: event ended for: EVE - Myamlyach
2026-09-18 12:51:10 +125058875 [INFO] handleEventActivation: event gateJumped triggered for: EVE - Myamlyach
2026-09-18 12:51:10 +125058875 [INFO] endEvent: event ended for: EVE - Svyatoslav Trubochist
2026-09-18 12:51:10 +125058875 [INFO] handleEventActivation: event gateJumped triggered for: EVE - Svyatoslav Trubochist
2026-09-18 12:51:10 +125058890 [INFO] endEvent: event ended for: EVE - Takashin Agi
2026-09-18 12:51:10 +125058890 [INFO] handleEventActivation: event gateJumped triggered for: EVE - Takashin Agi
2026-09-18 12:51:10 +125058890 [INFO] endEvent: event ended for: EVE - Tapira Osaki
2026-09-18 12:51:10 +125058890 [INFO] handleEventActivation: event gateJumped triggered for: EVE - Tapira Osaki
2026-09-18 12:51:11 +125059875 [INFO] endEvent: event ended for: EVE - Bubri4
2026-09-18 12:51:11 +125059875 [INFO] handleEventActivation: event gateJumped triggered for: EVE - Bubri4
2026-09-18 12:51:11 +125059875 [INFO] endEvent: event ended for: EVE - Khan Lover
2026-09-18 12:51:11 +125059875 [INFO] handleEventActivation: event gateJumped triggered for: EVE - Khan Lover
2026-09-18 12:51:11 +125059875 [INFO] endEvent: event ended for: EVE - iBlackMan
2026-09-18 12:51:11 +125059890 [INFO] handleEventActivation: event gateJumped triggered for: EVE - iBlackMan
2026-09-18 12:51:12 +125060875 [INFO] endEvent: event ended for: EVE - Myamlyach
2026-09-18 12:51:12 +125060875 [INFO] handleEventActivation: event gateJumped triggered for: EVE - Myamlyach
2026-09-18 12:51:20 +125068875 [INFO] endEvent: event ended for: EVE - Bubri4
2026-09-18 12:51:20 +125068875 [INFO] handleEventActivation: event fleetWarped triggered for: EVE - Bubri4
2026-09-18 12:51:20 +125068890 [INFO] endEvent: event ended for: EVE - Khan Lover
2026-09-18 12:51:20 +125068890 [INFO] handleEventActivation: event fleetWarped triggered for: EVE - Khan Lover
2026-09-18 12:51:20 +125068890 [INFO] endEvent: event ended for: EVE - Khivus
2026-09-18 12:51:20 +125068890 [INFO] handleEventActivation: event fleetWarped triggered for: EVE - Khivus
2026-09-18 12:51:20 +125068890 [INFO] endEvent: event ended for: EVE - Rakkadan Aihaken
2026-09-18 12:51:20 +125068890 [INFO] handleEventActivation: event fleetWarped triggered for: EVE - Rakkadan Aihaken
2026-09-18 12:51:20 +125068906 [INFO] endEvent: event ended for: EVE - Svyatoslav Trubochist
2026-09-18 12:51:20 +125068906 [INFO] handleEventActivation: event fleetWarped triggered for: EVE - Svyatoslav Trubochist
2026-09-18 12:51:20 +125068906 [INFO] endEvent: event ended for: EVE - Takashin Agi
2026-09-18 12:51:20 +125068906 [INFO] handleEventActivation: event fleetWarped triggered for: EVE - Takashin Agi
2026-09-18 12:51:20 +125068906 [INFO] endEvent: event ended for: EVE - iBlackMan
2026-09-18 12:51:20 +125068906 [INFO] handleEventActivation: event fleetWarped triggered for: EVE - iBlackMan
2026-09-18 12:51:21 +125069875 [INFO] endEvent: event ended for: EVE - Alyosha your Daddy
2026-09-18 12:51:21 +125069875 [INFO] handleEventActivation: event fleetWarped triggered for: EVE - Alyosha your Daddy
2026-09-18 12:51:21 +125069875 [INFO] endEvent: event ended for: EVE - Tapira Osaki
2026-09-18 12:51:21 +125069875 [INFO] handleEventActivation: event fleetWarped triggered for: EVE - Tapira Osaki
2026-09-18 12:51:42 +125090875 [INFO] endEvent: event ended for: EVE - Khivus
2026-09-18 12:51:42 +125090875 [INFO] handleEventActivation: event gateJumped triggered for: EVE - Khivus
2026-09-18 12:51:42 +125090875 [INFO] endEvent: event ended for: EVE - Svyatoslav Trubochist
2026-09-18 12:51:42 +125090875 [INFO] handleEventActivation: event gateJumped triggered for: EVE - Svyatoslav Trubochist
2026-09-18 12:51:43 +125091875 [INFO] endEvent: event ended for: EVE - Alyosha your Daddy
2026-09-18 12:51:43 +125091875 [INFO] handleEventActivation: event gateJumped triggered for: EVE - Alyosha your Daddy
2026-09-18 12:51:43 +125091875 [INFO] endEvent: event ended for: EVE - Bubri4
2026-09-18 12:51:43 +125091875 [INFO] handleEventActivation: event gateJumped triggered for: EVE - Bubri4
2026-09-18 12:51:43 +125091875 [INFO] endEvent: event ended for: EVE - Khivus
2026-09-18 12:51:43 +125091875 [INFO] handleEventActivation: event gateJumped triggered for: EVE - Khivus
2026-09-18 12:51:43 +125091890 [INFO] endEvent: event ended for: EVE - Rakkadan Aihaken
2026-09-18 12:51:43 +125091890 [INFO] handleEventActivation: event gateJumped triggered for: EVE - Rakkadan Aihaken
2026-09-18 12:51:43 +125091890 [INFO] endEvent: event ended for: EVE - Svyatoslav Trubochist
2026-09-18 12:51:43 +125091890 [INFO] handleEventActivation: event gateJumped triggered for: EVE - Svyatoslav Trubochist
2026-09-18 12:51:43 +125091890 [INFO] endEvent: event ended for: EVE - Takashin Agi
2026-09-18 12:51:43 +125091890 [INFO] handleEventActivation: event gateJumped triggered for: EVE - Takashin Agi
2026-09-18 12:51:44 +125092875 [INFO] endEvent: event ended for: EVE - Alyosha your Daddy
2026-09-18 12:51:44 +125092875 [INFO] handleEventActivation: event gateJumped triggered for: EVE - Alyosha your Daddy
2026-09-18 12:51:44 +125092875 [INFO] endEvent: event ended for: EVE - Bubri4
2026-09-18 12:51:44 +125092875 [INFO] handleEventActivation: event gateJumped triggered for: EVE - Bubri4
2026-09-18 12:51:44 +125092890 [INFO] endEvent: event ended for: EVE - Khan Lover
2026-09-18 12:51:44 +125092890 [INFO] handleEventActivation: event gateJumped triggered for: EVE - Khan Lover
2026-09-18 12:51:44 +125092890 [INFO] endEvent: event ended for: EVE - Rakkadan Aihaken
2026-09-18 12:51:44 +125092890 [INFO] handleEventActivation: event gateJumped triggered for: EVE - Rakkadan Aihaken
2026-09-18 12:51:44 +125092890 [INFO] endEvent: event ended for: EVE - Takashin Agi
2026-09-18 12:51:44 +125092890 [INFO] handleEventActivation: event gateJumped triggered for: EVE - Takashin Agi
2026-09-18 12:51:44 +125092890 [INFO] endEvent: event ended for: EVE - Tapira Osaki
2026-09-18 12:51:44 +125092906 [INFO] handleEventActivation: event gateJumped triggered for: EVE - Tapira Osaki
2026-09-18 12:51:44 +125092906 [INFO] endEvent: event ended for: EVE - iBlackMan
2026-09-18 12:51:44 +125092906 [INFO] handleEventActivation: event gateJumped triggered for: EVE - iBlackMan
2026-09-18 12:51:45 +125093875 [INFO] endEvent: event ended for: EVE - Khan Lover
2026-09-18 12:51:45 +125093875 [INFO] handleEventActivation: event gateJumped triggered for: EVE - Khan Lover
2026-09-18 12:51:45 +125093875 [INFO] endEvent: event ended for: EVE - Myamlyach
2026-09-18 12:51:45 +125093875 [INFO] handleEventActivation: event gateJumped triggered for: EVE - Myamlyach
2026-09-18 12:51:45 +125093875 [INFO] endEvent: event ended for: EVE - Tapira Osaki
2026-09-18 12:51:45 +125093875 [INFO] handleEventActivation: event gateJumped triggered for: EVE - Tapira Osaki
2026-09-18 12:51:46 +125094875 [INFO] endEvent: event ended for: EVE - Myamlyach
2026-09-18 12:51:46 +125094875 [INFO] handleEventActivation: event gateJumped triggered for: EVE - Myamlyach
2026-09-18 12:51:46 +125094890 [INFO] endEvent: event ended for: EVE - iBlackMan
2026-09-18 12:51:46 +125094890 [INFO] handleEventActivation: event gateJumped triggered for: EVE - iBlackMan
2026-09-18 12:51:55 +125103875 [INFO] endEvent: event ended for: EVE - Alyosha your Daddy
2026-09-18 12:51:55 +125103875 [INFO] handleEventActivation: event fleetWarped triggered for: EVE - Alyosha your Daddy
2026-09-18 12:51:55 +125103875 [INFO] endEvent: event ended for: EVE - Bubri4
2026-09-18 12:51:55 +125103875 [INFO] handleEventActivation: event fleetWarped triggered for: EVE - Bubri4
2026-09-18 12:51:55 +125103875 [INFO] endEvent: event ended for: EVE - Khan Lover
2026-09-18 12:51:55 +125103875 [INFO] handleEventActivation: event fleetWarped triggered for: EVE - Khan Lover
2026-09-18 12:51:55 +125103875 [INFO] endEvent: event ended for: EVE - Khivus
2026-09-18 12:51:55 +125103890 [INFO] handleEventActivation: event fleetWarped triggered for: EVE - Khivus
2026-09-18 12:51:55 +125103890 [INFO] endEvent: event ended for: EVE - Takashin Agi
2026-09-18 12:51:55 +125103890 [INFO] handleEventActivation: event fleetWarped triggered for: EVE - Takashin Agi
2026-09-18 12:51:55 +125103890 [INFO] endEvent: event ended for: EVE - Tapira Osaki
2026-09-18 12:51:55 +125103890 [INFO] handleEventActivation: event fleetWarped triggered for: EVE - Tapira Osaki
2026-09-18 12:51:56 +125104875 [INFO] endEvent: event ended for: EVE - Rakkadan Aihaken
2026-09-18 12:51:56 +125104875 [INFO] handleEventActivation: event fleetWarped triggered for: EVE - Rakkadan Aihaken
2026-09-18 12:51:56 +125104890 [INFO] endEvent: event ended for: EVE - Svyatoslav Trubochist
2026-09-18 12:51:56 +125104890 [INFO] handleEventActivation: event fleetWarped triggered for: EVE - Svyatoslav Trubochist
2026-09-18 12:51:56 +125104906 [INFO] endEvent: event ended for: EVE - iBlackMan
2026-09-18 12:51:56 +125104906 [INFO] handleEventActivation: event fleetWarped triggered for: EVE - iBlackMan
2026-09-18 12:52:09 +125117875 [INFO] endEvent: event ended for: EVE - Khan Lover
2026-09-18 12:52:09 +125117875 [INFO] handleEventActivation: event gateJumped triggered for: EVE - Khan Lover
2026-09-18 12:52:09 +125117875 [INFO] endEvent: event ended for: EVE - iBlackMan
2026-09-18 12:52:09 +125117875 [INFO] handleEventActivation: event gateJumped triggered for: EVE - iBlackMan
2026-09-18 12:52:10 +125118875 [INFO] endEvent: event ended for: EVE - Alyosha your Daddy
2026-09-18 12:52:10 +125118875 [INFO] handleEventActivation: event gateJumped triggered for: EVE - Alyosha your Daddy
2026-09-18 12:52:10 +125118875 [INFO] endEvent: event ended for: EVE - Khan Lover
2026-09-18 12:52:10 +125118875 [INFO] handleEventActivation: event gateJumped triggered for: EVE - Khan Lover
2026-09-18 12:52:10 +125118875 [INFO] endEvent: event ended for: EVE - Myamlyach
2026-09-18 12:52:10 +125118875 [INFO] handleEventActivation: event gateJumped triggered for: EVE - Myamlyach
2026-09-18 12:52:10 +125118890 [INFO] endEvent: event ended for: EVE - Takashin Agi
2026-09-18 12:52:10 +125118890 [INFO] handleEventActivation: event gateJumped triggered for: EVE - Takashin Agi
2026-09-18 12:52:10 +125118890 [INFO] endEvent: event ended for: EVE - iBlackMan
2026-09-18 12:52:10 +125118890 [INFO] handleEventActivation: event gateJumped triggered for: EVE - iBlackMan
2026-09-18 12:52:11 +125119875 [INFO] endEvent: event ended for: EVE - Alyosha your Daddy
2026-09-18 12:52:11 +125119875 [INFO] handleEventActivation: event gateJumped triggered for: EVE - Alyosha your Daddy
2026-09-18 12:52:11 +125119875 [INFO] endEvent: event ended for: EVE - Bubri4
2026-09-18 12:52:11 +125119875 [INFO] handleEventActivation: event gateJumped triggered for: EVE - Bubri4
2026-09-18 12:52:11 +125119875 [INFO] endEvent: event ended for: EVE - Khivus
2026-09-18 12:52:11 +125119875 [INFO] handleEventActivation: event gateJumped triggered for: EVE - Khivus
2026-09-18 12:52:11 +125119890 [INFO] endEvent: event ended for: EVE - Myamlyach
2026-09-18 12:52:11 +125119890 [INFO] handleEventActivation: event gateJumped triggered for: EVE - Myamlyach
2026-09-18 12:52:11 +125119890 [INFO] endEvent: event ended for: EVE - Rakkadan Aihaken
2026-09-18 12:52:11 +125119890 [INFO] handleEventActivation: event gateJumped triggered for: EVE - Rakkadan Aihaken
2026-09-18 12:52:11 +125119890 [INFO] endEvent: event ended for: EVE - Svyatoslav Trubochist
2026-09-18 12:52:11 +125119890 [INFO] handleEventActivation: event gateJumped triggered for: EVE - Svyatoslav Trubochist
2026-09-18 12:52:11 +125119906 [INFO] endEvent: event ended for: EVE - Takashin Agi
2026-09-18 12:52:11 +125119906 [INFO] handleEventActivation: event gateJumped triggered for: EVE - Takashin Agi
2026-09-18 12:52:11 +125119906 [INFO] endEvent: event ended for: EVE - Tapira Osaki
2026-09-18 12:52:11 +125119906 [INFO] handleEventActivation: event gateJumped triggered for: EVE - Tapira Osaki
2026-09-18 12:52:12 +125120875 [INFO] endEvent: event ended for: EVE - Bubri4
2026-09-18 12:52:12 +125120875 [INFO] handleEventActivation: event gateJumped triggered for: EVE - Bubri4
2026-09-18 12:52:12 +125120875 [INFO] endEvent: event ended for: EVE - Khivus
2026-09-18 12:52:12 +125120875 [INFO] handleEventActivation: event gateJumped triggered for: EVE - Khivus
2026-09-18 12:52:13 +125121875 [INFO] endEvent: event ended for: EVE - Tapira Osaki
2026-09-18 12:52:13 +125121875 [INFO] handleEventActivation: event gateJumped triggered for: EVE - Tapira Osaki
2026-09-18 12:52:20 +125128875 [INFO] endEvent: event ended for: EVE - Alyosha your Daddy
2026-09-18 12:52:20 +125128875 [INFO] handleEventActivation: event fleetWarped triggered for: EVE - Alyosha your Daddy
2026-09-18 12:52:20 +125128890 [INFO] endEvent: event ended for: EVE - Takashin Agi
2026-09-18 12:52:20 +125128890 [INFO] handleEventActivation: event fleetWarped triggered for: EVE - Takashin Agi
2026-09-18 12:52:20 +125128890 [INFO] endEvent: event ended for: EVE - Tapira Osaki
2026-09-18 12:52:20 +125128890 [INFO] handleEventActivation: event fleetWarped triggered for: EVE - Tapira Osaki
2026-09-18 12:52:20 +125128906 [INFO] endEvent: event ended for: EVE - iBlackMan
2026-09-18 12:52:20 +125128906 [INFO] handleEventActivation: event fleetWarped triggered for: EVE - iBlackMan
2026-09-18 12:52:21 +125129875 [INFO] endEvent: event ended for: EVE - Bubri4
2026-09-18 12:52:21 +125129875 [INFO] handleEventActivation: event fleetWarped triggered for: EVE - Bubri4
2026-09-18 12:52:21 +125129875 [INFO] endEvent: event ended for: EVE - Khan Lover
2026-09-18 12:52:21 +125129875 [INFO] handleEventActivation: event fleetWarped triggered for: EVE - Khan Lover
2026-09-18 12:52:21 +125129875 [INFO] endEvent: event ended for: EVE - Khivus
2026-09-18 12:52:21 +125129875 [INFO] handleEventActivation: event fleetWarped triggered for: EVE - Khivus
2026-09-18 12:52:21 +125129890 [INFO] endEvent: event ended for: EVE - Rakkadan Aihaken
2026-09-18 12:52:21 +125129890 [INFO] handleEventActivation: event fleetWarped triggered for: EVE - Rakkadan Aihaken
2026-09-18 12:52:22 +125130875 [INFO] endEvent: event ended for: EVE - Svyatoslav Trubochist
2026-09-18 12:52:22 +125130875 [INFO] handleEventActivation: event fleetWarped triggered for: EVE - Svyatoslav Trubochist
2026-09-18 12:52:25 +125134421 [INFO] Thumbnail action: ActivateThumbnail for: EVE - Alyosha your Daddy
2026-09-18 12:52:25 +125134421 [INFO] Activation requested; target=986496; source=132342
2026-09-18 12:52:25 +125134453 [ERROR] Main timer foreground check: Target window not found.
D:\Git\EVE-X-Preview\src\Main_Class.ahk:429 WinGetProcessName
D:\Git\EVE-X-Preview\src\Main_Class.ahk (429) : [WinGetProcessName] activeExe := WinGetProcessName("A")
D:\Git\EVE-X-Preview\src\Main_Class.ahk (429) : [Main_Class.Prototype.PollMainWindows] activeExe := WinGetProcessName("A")
D:\Git\EVE-X-Preview\src\Main_Class.ahk (348) : [Main_Class.Prototype.HandleMainTimer] This.PollMainWindows()
> Timer
2026-09-18 12:52:25 +125134453 [ERROR] Program event: Error in Main Timer Active Window Check

D:\Git\EVE-X-Preview\src\Main_Class.ahk:53 Main_Class.Prototype.debugToolTipText.set
D:\Git\EVE-X-Preview\src\Main_Class.ahk (53) : [Main_Class.Prototype.debugToolTipText.set] ProgramLog.Error(Error(addition), "Program event")
D:\Git\EVE-X-Preview\src\Main_Class.ahk (471) : [Main_Class.Prototype.PollMainWindows] This.debugToolTipText .= "Error in Main Timer Active Window Check
"
D:\Git\EVE-X-Preview\src\Main_Class.ahk (348) : [Main_Class.Prototype.HandleMainTimer] This.PollMainWindows()
> Timer
2026-09-18 12:52:25 +125134515 [INFO] Activation focus confirmed; target=986496; foreground=986496
2026-09-18 12:52:25 +125134515 [INFO] endEvent: event ended for: EVE - Alyosha your Daddy
2026-09-18 12:52:27 +125135875 [INFO] Thumbnail action: ActivateThumbnail for: EVE - Bubri4
2026-09-18 12:52:27 +125135875 [INFO] Activation requested; target=397052; source=986496
2026-09-18 12:52:27 +125135906 [ERROR] Main timer foreground check: Target window not found.
D:\Git\EVE-X-Preview\src\Main_Class.ahk:429 WinGetProcessName
D:\Git\EVE-X-Preview\src\Main_Class.ahk (429) : [WinGetProcessName] activeExe := WinGetProcessName("A")
D:\Git\EVE-X-Preview\src\Main_Class.ahk (429) : [Main_Class.Prototype.PollMainWindows] activeExe := WinGetProcessName("A")
D:\Git\EVE-X-Preview\src\Main_Class.ahk (348) : [Main_Class.Prototype.HandleMainTimer] This.PollMainWindows()
> Timer
2026-09-18 12:52:27 +125135906 [ERROR] Program event: Error in Main Timer Active Window Check

D:\Git\EVE-X-Preview\src\Main_Class.ahk:53 Main_Class.Prototype.debugToolTipText.set
D:\Git\EVE-X-Preview\src\Main_Class.ahk (53) : [Main_Class.Prototype.debugToolTipText.set] ProgramLog.Error(Error(addition), "Program event")
D:\Git\EVE-X-Preview\src\Main_Class.ahk (471) : [Main_Class.Prototype.PollMainWindows] This.debugToolTipText .= "Error in Main Timer Active Window Check
"
D:\Git\EVE-X-Preview\src\Main_Class.ahk (348) : [Main_Class.Prototype.HandleMainTimer] This.PollMainWindows()
> Timer
2026-09-18 12:52:27 +125135968 [INFO] Activation focus confirmed; target=397052; foreground=397052
2026-09-18 12:52:27 +125135968 [INFO] endEvent: event ended for: EVE - Bubri4
2026-09-18 12:52:36 +125145812 [INFO] Thumbnail action: ActivateThumbnail for: EVE - Myamlyach
2026-09-18 12:52:36 +125145812 [INFO] Activation requested; target=462564; source=397052
2026-09-18 12:52:37 +125145843 [ERROR] Main timer foreground check: Target window not found.
D:\Git\EVE-X-Preview\src\Main_Class.ahk:429 WinGetProcessName
D:\Git\EVE-X-Preview\src\Main_Class.ahk (429) : [WinGetProcessName] activeExe := WinGetProcessName("A")
D:\Git\EVE-X-Preview\src\Main_Class.ahk (429) : [Main_Class.Prototype.PollMainWindows] activeExe := WinGetProcessName("A")
D:\Git\EVE-X-Preview\src\Main_Class.ahk (348) : [Main_Class.Prototype.HandleMainTimer] This.PollMainWindows()
> Timer
2026-09-18 12:52:37 +125145843 [ERROR] Program event: Error in Main Timer Active Window Check

D:\Git\EVE-X-Preview\src\Main_Class.ahk:53 Main_Class.Prototype.debugToolTipText.set
D:\Git\EVE-X-Preview\src\Main_Class.ahk (53) : [Main_Class.Prototype.debugToolTipText.set] ProgramLog.Error(Error(addition), "Program event")
D:\Git\EVE-X-Preview\src\Main_Class.ahk (471) : [Main_Class.Prototype.PollMainWindows] This.debugToolTipText .= "Error in Main Timer Active Window Check
"
D:\Git\EVE-X-Preview\src\Main_Class.ahk (348) : [Main_Class.Prototype.HandleMainTimer] This.PollMainWindows()
> Timer
2026-09-18 12:52:37 +125145906 [INFO] Activation focus confirmed; target=462564; foreground=462564
2026-09-18 12:52:37 +125145906 [INFO] endEvent: event ended for: EVE - Myamlyach
2026-09-18 12:52:47 +125155906 [INFO] endEvent: event ended for: EVE - Khivus
2026-09-18 12:52:47 +125155906 [INFO] handleEventActivation: event gateJumped triggered for: EVE - Khivus
2026-09-18 12:52:47 +125155906 [INFO] handleEventActivation: event gateJumped triggered for: EVE - Myamlyach
2026-09-18 12:52:47 +125155906 [INFO] endEvent: event ended for: EVE - Svyatoslav Trubochist
2026-09-18 12:52:47 +125155906 [INFO] handleEventActivation: event gateJumped triggered for: EVE - Svyatoslav Trubochist
2026-09-18 12:52:48 +125156906 [INFO] handleEventActivation: event gateJumped triggered for: EVE - Bubri4
2026-09-18 12:52:48 +125156906 [INFO] endEvent: event ended for: EVE - Khivus
2026-09-18 12:52:48 +125156906 [INFO] handleEventActivation: event gateJumped triggered for: EVE - Khivus
2026-09-18 12:52:48 +125156921 [INFO] endEvent: event ended for: EVE - Myamlyach
2026-09-18 12:52:48 +125156921 [INFO] handleEventActivation: event gateJumped triggered for: EVE - Myamlyach
2026-09-18 12:52:48 +125156921 [INFO] endEvent: event ended for: EVE - Rakkadan Aihaken
2026-09-18 12:52:48 +125156921 [INFO] handleEventActivation: event gateJumped triggered for: EVE - Rakkadan Aihaken
2026-09-18 12:52:48 +125156921 [INFO] endEvent: event ended for: EVE - Svyatoslav Trubochist
2026-09-18 12:52:48 +125156921 [INFO] handleEventActivation: event gateJumped triggered for: EVE - Svyatoslav Trubochist
2026-09-18 12:52:48 +125156937 [INFO] endEvent: event ended for: EVE - Takashin Agi
2026-09-18 12:52:48 +125156937 [INFO] handleEventActivation: event gateJumped triggered for: EVE - Takashin Agi
2026-09-18 12:52:48 +125156937 [INFO] endEvent: event ended for: EVE - iBlackMan
2026-09-18 12:52:48 +125156937 [INFO] handleEventActivation: event gateJumped triggered for: EVE - iBlackMan
2026-09-18 12:52:49 +125157906 [INFO] handleEventActivation: event gateJumped triggered for: EVE - Alyosha your Daddy
2026-09-18 12:52:49 +125157906 [INFO] endEvent: event ended for: EVE - Khan Lover
2026-09-18 12:52:49 +125157906 [INFO] handleEventActivation: event gateJumped triggered for: EVE - Khan Lover
2026-09-18 12:52:49 +125157906 [INFO] endEvent: event ended for: EVE - Rakkadan Aihaken
2026-09-18 12:52:49 +125157906 [INFO] handleEventActivation: event gateJumped triggered for: EVE - Rakkadan Aihaken
2026-09-18 12:52:49 +125157921 [INFO] endEvent: event ended for: EVE - Takashin Agi
2026-09-18 12:52:49 +125157921 [INFO] handleEventActivation: event gateJumped triggered for: EVE - Takashin Agi
2026-09-18 12:52:49 +125157921 [INFO] endEvent: event ended for: EVE - Tapira Osaki
2026-09-18 12:52:49 +125157921 [INFO] handleEventActivation: event gateJumped triggered for: EVE - Tapira Osaki
2026-09-18 12:52:49 +125157921 [INFO] endEvent: event ended for: EVE - iBlackMan
2026-09-18 12:52:49 +125157921 [INFO] handleEventActivation: event gateJumped triggered for: EVE - iBlackMan
2026-09-18 12:52:50 +125158906 [INFO] endEvent: event ended for: EVE - Alyosha your Daddy
2026-09-18 12:52:50 +125158906 [INFO] handleEventActivation: event gateJumped triggered for: EVE - Alyosha your Daddy
2026-09-18 12:52:50 +125158906 [INFO] endEvent: event ended for: EVE - Bubri4
2026-09-18 12:52:50 +125158906 [INFO] handleEventActivation: event gateJumped triggered for: EVE - Bubri4
2026-09-18 12:52:50 +125158906 [INFO] endEvent: event ended for: EVE - Khan Lover
2026-09-18 12:52:50 +125158906 [INFO] handleEventActivation: event gateJumped triggered for: EVE - Khan Lover
2026-09-18 12:52:50 +125158921 [INFO] endEvent: event ended for: EVE - Tapira Osaki
2026-09-18 12:52:50 +125158921 [INFO] handleEventActivation: event gateJumped triggered for: EVE - Tapira Osaki
2026-09-18 12:52:56 +125164906 [INFO] endEvent: event ended for: EVE - Rakkadan Aihaken
2026-09-18 12:52:56 +125164906 [INFO] handleEventActivation: event fleetWarped triggered for: EVE - Rakkadan Aihaken
2026-09-18 12:52:57 +125165906 [INFO] endEvent: event ended for: EVE - Alyosha your Daddy
2026-09-18 12:52:57 +125165906 [INFO] handleEventActivation: event fleetWarped triggered for: EVE - Alyosha your Daddy
2026-09-18 12:52:57 +125165906 [INFO] endEvent: event ended for: EVE - Bubri4
2026-09-18 12:52:57 +125165906 [INFO] handleEventActivation: event fleetWarped triggered for: EVE - Bubri4
2026-09-18 12:52:57 +125165906 [INFO] endEvent: event ended for: EVE - Khan Lover
2026-09-18 12:52:57 +125165906 [INFO] handleEventActivation: event fleetWarped triggered for: EVE - Khan Lover
2026-09-18 12:52:57 +125165921 [INFO] endEvent: event ended for: EVE - Khivus
2026-09-18 12:52:57 +125165921 [INFO] handleEventActivation: event fleetWarped triggered for: EVE - Khivus
2026-09-18 12:52:57 +125165921 [INFO] endEvent: event ended for: EVE - Svyatoslav Trubochist
2026-09-18 12:52:57 +125165921 [INFO] handleEventActivation: event fleetWarped triggered for: EVE - Svyatoslav Trubochist
2026-09-18 12:52:57 +125165921 [INFO] endEvent: event ended for: EVE - Takashin Agi
2026-09-18 12:52:57 +125165921 [INFO] handleEventActivation: event fleetWarped triggered for: EVE - Takashin Agi
2026-09-18 12:52:57 +125165937 [INFO] endEvent: event ended for: EVE - Tapira Osaki
2026-09-18 12:52:57 +125165937 [INFO] handleEventActivation: event fleetWarped triggered for: EVE - Tapira Osaki
2026-09-18 12:52:57 +125165937 [INFO] endEvent: event ended for: EVE - iBlackMan
2026-09-18 12:52:57 +125165937 [INFO] handleEventActivation: event fleetWarped triggered for: EVE - iBlackMan
2026-09-18 12:53:18 +125186906 [INFO] endEvent: event ended for: EVE - Alyosha your Daddy
2026-09-18 12:53:18 +125186906 [INFO] handleEventActivation: event gateJumped triggered for: EVE - Alyosha your Daddy
2026-09-18 12:53:18 +125186921 [INFO] endEvent: event ended for: EVE - Khan Lover
2026-09-18 12:53:18 +125186921 [INFO] handleEventActivation: event gateJumped triggered for: EVE - Khan Lover
2026-09-18 12:53:18 +125186921 [INFO] endEvent: event ended for: EVE - Khivus
2026-09-18 12:53:18 +125186921 [INFO] handleEventActivation: event gateJumped triggered for: EVE - Khivus
2026-09-18 12:53:18 +125186921 [INFO] endEvent: event ended for: EVE - Tapira Osaki
2026-09-18 12:53:18 +125186921 [INFO] handleEventActivation: event gateJumped triggered for: EVE - Tapira Osaki
2026-09-18 12:53:18 +125186937 [INFO] endEvent: event ended for: EVE - iBlackMan
2026-09-18 12:53:18 +125186937 [INFO] handleEventActivation: event gateJumped triggered for: EVE - iBlackMan
2026-09-18 12:53:19 +125187906 [INFO] endEvent: event ended for: EVE - Alyosha your Daddy
2026-09-18 12:53:19 +125187906 [INFO] handleEventActivation: event gateJumped triggered for: EVE - Alyosha your Daddy
2026-09-18 12:53:19 +125187906 [INFO] endEvent: event ended for: EVE - Bubri4
2026-09-18 12:53:19 +125187906 [INFO] handleEventActivation: event gateJumped triggered for: EVE - Bubri4
2026-09-18 12:53:19 +125187906 [INFO] endEvent: event ended for: EVE - Khan Lover
2026-09-18 12:53:19 +125187906 [INFO] handleEventActivation: event gateJumped triggered for: EVE - Khan Lover
2026-09-18 12:53:19 +125187921 [INFO] endEvent: event ended for: EVE - Khivus
2026-09-18 12:53:19 +125187921 [INFO] handleEventActivation: event gateJumped triggered for: EVE - Khivus
2026-09-18 12:53:19 +125187921 [INFO] endEvent: event ended for: EVE - Myamlyach
2026-09-18 12:53:19 +125187921 [INFO] handleEventActivation: event gateJumped triggered for: EVE - Myamlyach
2026-09-18 12:53:19 +125187921 [INFO] endEvent: event ended for: EVE - Rakkadan Aihaken
2026-09-18 12:53:19 +125187921 [INFO] handleEventActivation: event gateJumped triggered for: EVE - Rakkadan Aihaken
2026-09-18 12:53:19 +125187921 [INFO] endEvent: event ended for: EVE - Svyatoslav Trubochist
2026-09-18 12:53:19 +125187937 [INFO] handleEventActivation: event gateJumped triggered for: EVE - Svyatoslav Trubochist
2026-09-18 12:53:19 +125187937 [INFO] endEvent: event ended for: EVE - Takashin Agi
2026-09-18 12:53:19 +125187937 [INFO] handleEventActivation: event gateJumped triggered for: EVE - Takashin Agi
2026-09-18 12:53:19 +125187937 [INFO] endEvent: event ended for: EVE - Tapira Osaki
2026-09-18 12:53:19 +125187937 [INFO] handleEventActivation: event gateJumped triggered for: EVE - Tapira Osaki
2026-09-18 12:53:19 +125187937 [INFO] endEvent: event ended for: EVE - iBlackMan
2026-09-18 12:53:19 +125187953 [INFO] handleEventActivation: event gateJumped triggered for: EVE - iBlackMan
2026-09-18 12:53:20 +125188906 [INFO] endEvent: event ended for: EVE - Myamlyach
2026-09-18 12:53:20 +125188906 [INFO] handleEventActivation: event gateJumped triggered for: EVE - Myamlyach
2026-09-18 12:53:20 +125188921 [INFO] endEvent: event ended for: EVE - Rakkadan Aihaken
2026-09-18 12:53:20 +125188921 [INFO] handleEventActivation: event gateJumped triggered for: EVE - Rakkadan Aihaken
2026-09-18 12:53:20 +125188921 [INFO] endEvent: event ended for: EVE - Svyatoslav Trubochist
2026-09-18 12:53:20 +125188921 [INFO] handleEventActivation: event gateJumped triggered for: EVE - Svyatoslav Trubochist
2026-09-18 12:53:20 +125188921 [INFO] endEvent: event ended for: EVE - Takashin Agi
2026-09-18 12:53:20 +125188921 [INFO] handleEventActivation: event gateJumped triggered for: EVE - Takashin Agi
2026-09-18 12:53:21 +125189906 [INFO] endEvent: event ended for: EVE - Bubri4
2026-09-18 12:53:21 +125189906 [INFO] handleEventActivation: event gateJumped triggered for: EVE - Bubri4
2026-09-18 12:53:28 +125196906 [INFO] endEvent: event ended for: EVE - Alyosha your Daddy
2026-09-18 12:53:28 +125196906 [INFO] handleEventActivation: event fleetWarped triggered for: EVE - Alyosha your Daddy
2026-09-18 12:53:28 +125196921 [INFO] endEvent: event ended for: EVE - Khan Lover
2026-09-18 12:53:28 +125196921 [INFO] handleEventActivation: event fleetWarped triggered for: EVE - Khan Lover
2026-09-18 12:53:28 +125196921 [INFO] endEvent: event ended for: EVE - Khivus
2026-09-18 12:53:28 +125196921 [INFO] handleEventActivation: event fleetWarped triggered for: EVE - Khivus
2026-09-18 12:53:28 +125196921 [INFO] endEvent: event ended for: EVE - Rakkadan Aihaken
2026-09-18 12:53:28 +125196937 [INFO] handleEventActivation: event fleetWarped triggered for: EVE - Rakkadan Aihaken
2026-09-18 12:53:28 +125196937 [INFO] endEvent: event ended for: EVE - Takashin Agi
2026-09-18 12:53:28 +125196937 [INFO] handleEventActivation: event fleetWarped triggered for: EVE - Takashin Agi
2026-09-18 12:53:28 +125196937 [INFO] endEvent: event ended for: EVE - Tapira Osaki
2026-09-18 12:53:28 +125196937 [INFO] handleEventActivation: event fleetWarped triggered for: EVE - Tapira Osaki
2026-09-18 12:53:29 +125197906 [INFO] endEvent: event ended for: EVE - Bubri4
2026-09-18 12:53:29 +125197906 [INFO] handleEventActivation: event fleetWarped triggered for: EVE - Bubri4
2026-09-18 12:53:29 +125197906 [INFO] endEvent: event ended for: EVE - Svyatoslav Trubochist
2026-09-18 12:53:29 +125197906 [INFO] handleEventActivation: event fleetWarped triggered for: EVE - Svyatoslav Trubochist
2026-09-18 12:53:29 +125197921 [INFO] endEvent: event ended for: EVE - iBlackMan
2026-09-18 12:53:29 +125197921 [INFO] handleEventActivation: event fleetWarped triggered for: EVE - iBlackMan
2026-09-18 12:53:49 +125217906 [INFO] endEvent: event ended for: EVE - Bubri4
2026-09-18 12:53:49 +125217906 [INFO] handleEventActivation: event gateJumped triggered for: EVE - Bubri4
2026-09-18 12:53:49 +125217906 [INFO] endEvent: event ended for: EVE - Khan Lover
2026-09-18 12:53:49 +125217906 [INFO] handleEventActivation: event gateJumped triggered for: EVE - Khan Lover
2026-09-18 12:53:50 +125218906 [INFO] endEvent: event ended for: EVE - Bubri4
2026-09-18 12:53:50 +125218906 [INFO] handleEventActivation: event gateJumped triggered for: EVE - Bubri4
2026-09-18 12:53:50 +125218906 [INFO] endEvent: event ended for: EVE - Khan Lover
2026-09-18 12:53:50 +125218906 [INFO] handleEventActivation: event gateJumped triggered for: EVE - Khan Lover
2026-09-18 12:53:50 +125218921 [INFO] endEvent: event ended for: EVE - Khivus
2026-09-18 12:53:50 +125218921 [INFO] handleEventActivation: event gateJumped triggered for: EVE - Khivus
2026-09-18 12:53:50 +125218921 [INFO] endEvent: event ended for: EVE - Myamlyach
2026-09-18 12:53:50 +125218921 [INFO] handleEventActivation: event gateJumped triggered for: EVE - Myamlyach
2026-09-18 12:53:50 +125218921 [INFO] endEvent: event ended for: EVE - Rakkadan Aihaken
2026-09-18 12:53:50 +125218921 [INFO] handleEventActivation: event gateJumped triggered for: EVE - Rakkadan Aihaken
2026-09-18 12:53:50 +125218937 [INFO] endEvent: event ended for: EVE - Svyatoslav Trubochist
2026-09-18 12:53:50 +125218937 [INFO] handleEventActivation: event gateJumped triggered for: EVE - Svyatoslav Trubochist
2026-09-18 12:53:50 +125218937 [INFO] endEvent: event ended for: EVE - Takashin Agi
2026-09-18 12:53:50 +125218937 [INFO] handleEventActivation: event gateJumped triggered for: EVE - Takashin Agi
2026-09-18 12:53:50 +125218937 [INFO] endEvent: event ended for: EVE - Tapira Osaki
2026-09-18 12:53:50 +125218953 [INFO] handleEventActivation: event gateJumped triggered for: EVE - Tapira Osaki
2026-09-18 12:53:50 +125218953 [INFO] endEvent: event ended for: EVE - iBlackMan
2026-09-18 12:53:50 +125218953 [INFO] handleEventActivation: event gateJumped triggered for: EVE - iBlackMan
2026-09-18 12:53:51 +125219906 [INFO] endEvent: event ended for: EVE - Alyosha your Daddy
2026-09-18 12:53:51 +125219906 [INFO] handleEventActivation: event gateJumped triggered for: EVE - Alyosha your Daddy
2026-09-18 12:53:51 +125219906 [INFO] endEvent: event ended for: EVE - Khivus
2026-09-18 12:53:51 +125219906 [INFO] handleEventActivation: event gateJumped triggered for: EVE - Khivus
2026-09-18 12:53:51 +125219906 [INFO] endEvent: event ended for: EVE - Svyatoslav Trubochist
2026-09-18 12:53:51 +125219921 [INFO] handleEventActivation: event gateJumped triggered for: EVE - Svyatoslav Trubochist
2026-09-18 12:53:51 +125219921 [INFO] endEvent: event ended for: EVE - Takashin Agi
2026-09-18 12:53:51 +125219921 [INFO] handleEventActivation: event gateJumped triggered for: EVE - Takashin Agi
2026-09-18 12:53:51 +125219921 [INFO] endEvent: event ended for: EVE - iBlackMan
2026-09-18 12:53:51 +125219921 [INFO] handleEventActivation: event gateJumped triggered for: EVE - iBlackMan
2026-09-18 12:53:52 +125220906 [INFO] endEvent: event ended for: EVE - Myamlyach
2026-09-18 12:53:52 +125220906 [INFO] handleEventActivation: event gateJumped triggered for: EVE - Myamlyach
2026-09-18 12:53:52 +125220906 [INFO] endEvent: event ended for: EVE - Rakkadan Aihaken
2026-09-18 12:53:52 +125220921 [INFO] handleEventActivation: event gateJumped triggered for: EVE - Rakkadan Aihaken
2026-09-18 12:53:53 +125221906 [INFO] endEvent: event ended for: EVE - Alyosha your Daddy
2026-09-18 12:53:53 +125221906 [INFO] handleEventActivation: event gateJumped triggered for: EVE - Alyosha your Daddy
2026-09-18 12:53:59 +125227906 [INFO] endEvent: event ended for: EVE - Rakkadan Aihaken
2026-09-18 12:53:59 +125227906 [INFO] handleEventActivation: event fleetWarped triggered for: EVE - Rakkadan Aihaken
2026-09-18 12:54:00 +125228906 [INFO] endEvent: event ended for: EVE - Alyosha your Daddy
2026-09-18 12:54:00 +125228906 [INFO] handleEventActivation: event fleetWarped triggered for: EVE - Alyosha your Daddy
2026-09-18 12:54:00 +125228906 [INFO] endEvent: event ended for: EVE - Bubri4
2026-09-18 12:54:00 +125228906 [INFO] handleEventActivation: event fleetWarped triggered for: EVE - Bubri4
2026-09-18 12:54:00 +125228906 [INFO] endEvent: event ended for: EVE - Khan Lover
2026-09-18 12:54:00 +125228921 [INFO] handleEventActivation: event fleetWarped triggered for: EVE - Khan Lover
2026-09-18 12:54:00 +125228921 [INFO] endEvent: event ended for: EVE - Khivus
2026-09-18 12:54:00 +125228921 [INFO] handleEventActivation: event fleetWarped triggered for: EVE - Khivus
2026-09-18 12:54:00 +125228921 [INFO] endEvent: event ended for: EVE - Svyatoslav Trubochist
2026-09-18 12:54:00 +125228921 [INFO] handleEventActivation: event fleetWarped triggered for: EVE - Svyatoslav Trubochist
2026-09-18 12:54:00 +125228937 [INFO] endEvent: event ended for: EVE - Takashin Agi
2026-09-18 12:54:00 +125228937 [INFO] handleEventActivation: event fleetWarped triggered for: EVE - Takashin Agi
2026-09-18 12:54:00 +125228937 [INFO] endEvent: event ended for: EVE - Tapira Osaki
2026-09-18 12:54:00 +125228937 [INFO] handleEventActivation: event fleetWarped triggered for: EVE - Tapira Osaki
2026-09-18 12:54:00 +125228937 [INFO] endEvent: event ended for: EVE - iBlackMan
2026-09-18 12:54:00 +125228937 [INFO] handleEventActivation: event fleetWarped triggered for: EVE - iBlackMan
2026-09-18 12:54:19 +125247906 [INFO] endEvent: event ended for: EVE - Khivus
2026-09-18 12:54:19 +125247906 [INFO] handleEventActivation: event gateJumped triggered for: EVE - Khivus
2026-09-18 12:54:19 +125247906 [INFO] endEvent: event ended for: EVE - Myamlyach
2026-09-18 12:54:19 +125247906 [INFO] handleEventActivation: event gateJumped triggered for: EVE - Myamlyach
2026-09-18 12:54:19 +125247921 [INFO] endEvent: event ended for: EVE - Svyatoslav Trubochist
2026-09-18 12:54:19 +125247921 [INFO] handleEventActivation: event gateJumped triggered for: EVE - Svyatoslav Trubochist
2026-09-18 12:54:20 +125248906 [INFO] endEvent: event ended for: EVE - Bubri4
2026-09-18 12:54:20 +125248906 [INFO] handleEventActivation: event gateJumped triggered for: EVE - Bubri4
2026-09-18 12:54:20 +125248906 [INFO] endEvent: event ended for: EVE - Khivus
2026-09-18 12:54:20 +125248906 [INFO] handleEventActivation: event gateJumped triggered for: EVE - Khivus
2026-09-18 12:54:20 +125248906 [INFO] endEvent: event ended for: EVE - Myamlyach
2026-09-18 12:54:20 +125248906 [INFO] handleEventActivation: event gateJumped triggered for: EVE - Myamlyach
2026-09-18 12:54:20 +125248921 [INFO] endEvent: event ended for: EVE - Svyatoslav Trubochist
2026-09-18 12:54:20 +125248921 [INFO] handleEventActivation: event gateJumped triggered for: EVE - Svyatoslav Trubochist
2026-09-18 12:54:20 +125248921 [INFO] endEvent: event ended for: EVE - iBlackMan
2026-09-18 12:54:20 +125248921 [INFO] handleEventActivation: event gateJumped triggered for: EVE - iBlackMan
2026-09-18 12:54:21 +125249906 [INFO] endEvent: event ended for: EVE - Alyosha your Daddy
2026-09-18 12:54:21 +125249906 [INFO] handleEventActivation: event gateJumped triggered for: EVE - Alyosha your Daddy
2026-09-18 12:54:21 +125249906 [INFO] endEvent: event ended for: EVE - Bubri4
2026-09-18 12:54:21 +125249906 [INFO] handleEventActivation: event gateJumped triggered for: EVE - Bubri4
2026-09-18 12:54:21 +125249906 [INFO] endEvent: event ended for: EVE - Khan Lover
2026-09-18 12:54:21 +125249906 [INFO] handleEventActivation: event gateJumped triggered for: EVE - Khan Lover
2026-09-18 12:54:21 +125249921 [INFO] endEvent: event ended for: EVE - Rakkadan Aihaken
2026-09-18 12:54:21 +125249921 [INFO] handleEventActivation: event gateJumped triggered for: EVE - Rakkadan Aihaken
2026-09-18 12:54:21 +125249921 [INFO] endEvent: event ended for: EVE - Takashin Agi
2026-09-18 12:54:21 +125249921 [INFO] handleEventActivation: event gateJumped triggered for: EVE - Takashin Agi
2026-09-18 12:54:21 +125249921 [INFO] endEvent: event ended for: EVE - Tapira Osaki
2026-09-18 12:54:21 +125249921 [INFO] handleEventActivation: event gateJumped triggered for: EVE - Tapira Osaki
2026-09-18 12:54:21 +125249921 [INFO] endEvent: event ended for: EVE - iBlackMan
2026-09-18 12:54:21 +125249921 [INFO] handleEventActivation: event gateJumped triggered for: EVE - iBlackMan
2026-09-18 12:54:22 +125250906 [INFO] endEvent: event ended for: EVE - Alyosha your Daddy
2026-09-18 12:54:22 +125250906 [INFO] handleEventActivation: event gateJumped triggered for: EVE - Alyosha your Daddy
2026-09-18 12:54:22 +125250921 [INFO] endEvent: event ended for: EVE - Rakkadan Aihaken
2026-09-18 12:54:22 +125250921 [INFO] handleEventActivation: event gateJumped triggered for: EVE - Rakkadan Aihaken
2026-09-18 12:54:22 +125250921 [INFO] endEvent: event ended for: EVE - Tapira Osaki
2026-09-18 12:54:22 +125250921 [INFO] handleEventActivation: event gateJumped triggered for: EVE - Tapira Osaki
2026-09-18 12:54:23 +125251906 [INFO] endEvent: event ended for: EVE - Khan Lover
2026-09-18 12:54:23 +125251906 [INFO] handleEventActivation: event gateJumped triggered for: EVE - Khan Lover
2026-09-18 12:54:29 +125257906 [INFO] endEvent: event ended for: EVE - Alyosha your Daddy
2026-09-18 12:54:29 +125257906 [INFO] handleEventActivation: event fleetWarped triggered for: EVE - Alyosha your Daddy
2026-09-18 12:54:29 +125257906 [INFO] endEvent: event ended for: EVE - Bubri4
2026-09-18 12:54:29 +125257906 [INFO] handleEventActivation: event fleetWarped triggered for: EVE - Bubri4
2026-09-18 12:54:29 +125257906 [INFO] endEvent: event ended for: EVE - Khan Lover
2026-09-18 12:54:29 +125257906 [INFO] handleEventActivation: event fleetWarped triggered for: EVE - Khan Lover
2026-09-18 12:54:29 +125257921 [INFO] endEvent: event ended for: EVE - Khivus
2026-09-18 12:54:29 +125257921 [INFO] handleEventActivation: event fleetWarped triggered for: EVE - Khivus
2026-09-18 12:54:29 +125257921 [INFO] endEvent: event ended for: EVE - Rakkadan Aihaken
2026-09-18 12:54:29 +125257921 [INFO] handleEventActivation: event fleetWarped triggered for: EVE - Rakkadan Aihaken
2026-09-18 12:54:29 +125257921 [INFO] endEvent: event ended for: EVE - Takashin Agi
2026-09-18 12:54:29 +125257937 [INFO] handleEventActivation: event fleetWarped triggered for: EVE - Takashin Agi
2026-09-18 12:54:29 +125257937 [INFO] endEvent: event ended for: EVE - Tapira Osaki
2026-09-18 12:54:29 +125257937 [INFO] handleEventActivation: event fleetWarped triggered for: EVE - Tapira Osaki
2026-09-18 12:54:29 +125257937 [INFO] endEvent: event ended for: EVE - iBlackMan
2026-09-18 12:54:29 +125257937 [INFO] handleEventActivation: event fleetWarped triggered for: EVE - iBlackMan
2026-09-18 12:54:30 +125258906 [INFO] endEvent: event ended for: EVE - Svyatoslav Trubochist
2026-09-18 12:54:30 +125258906 [INFO] handleEventActivation: event fleetWarped triggered for: EVE - Svyatoslav Trubochist
2026-09-18 12:54:56 +125284906 [INFO] endEvent: event ended for: EVE - Alyosha your Daddy
2026-09-18 12:54:56 +125284906 [INFO] handleEventActivation: event gateJumped triggered for: EVE - Alyosha your Daddy
2026-09-18 12:54:56 +125284906 [INFO] endEvent: event ended for: EVE - Svyatoslav Trubochist
2026-09-18 12:54:56 +125284906 [INFO] handleEventActivation: event gateJumped triggered for: EVE - Svyatoslav Trubochist
2026-09-18 12:54:56 +125284921 [INFO] endEvent: event ended for: EVE - Takashin Agi
2026-09-18 12:54:56 +125284921 [INFO] handleEventActivation: event gateJumped triggered for: EVE - Takashin Agi
2026-09-18 12:54:57 +125285906 [INFO] endEvent: event ended for: EVE - Alyosha your Daddy
2026-09-18 12:54:57 +125285906 [INFO] handleEventActivation: event gateJumped triggered for: EVE - Alyosha your Daddy
2026-09-18 12:54:57 +125285906 [INFO] endEvent: event ended for: EVE - Khan Lover
2026-09-18 12:54:57 +125285906 [INFO] handleEventActivation: event gateJumped triggered for: EVE - Khan Lover
2026-09-18 12:54:57 +125285906 [INFO] endEvent: event ended for: EVE - Khivus
2026-09-18 12:54:57 +125285906 [INFO] handleEventActivation: event gateJumped triggered for: EVE - Khivus
2026-09-18 12:54:57 +125285921 [INFO] endEvent: event ended for: EVE - Myamlyach
2026-09-18 12:54:57 +125285921 [INFO] handleEventActivation: event gateJumped triggered for: EVE - Myamlyach
2026-09-18 12:54:57 +125285921 [INFO] endEvent: event ended for: EVE - Rakkadan Aihaken
2026-09-18 12:54:57 +125285921 [INFO] handleEventActivation: event gateJumped triggered for: EVE - Rakkadan Aihaken
2026-09-18 12:54:57 +125285921 [INFO] endEvent: event ended for: EVE - Svyatoslav Trubochist
2026-09-18 12:54:57 +125285937 [INFO] handleEventActivation: event gateJumped triggered for: EVE - Svyatoslav Trubochist
2026-09-18 12:54:57 +125285937 [INFO] endEvent: event ended for: EVE - Takashin Agi
2026-09-18 12:54:57 +125285937 [INFO] handleEventActivation: event gateJumped triggered for: EVE - Takashin Agi
2026-09-18 12:54:57 +125285937 [INFO] endEvent: event ended for: EVE - Tapira Osaki
2026-09-18 12:54:57 +125285937 [INFO] handleEventActivation: event gateJumped triggered for: EVE - Tapira Osaki
2026-09-18 12:54:57 +125285937 [INFO] endEvent: event ended for: EVE - iBlackMan
2026-09-18 12:54:57 +125285953 [INFO] handleEventActivation: event gateJumped triggered for: EVE - iBlackMan
2026-09-18 12:54:58 +125286906 [INFO] endEvent: event ended for: EVE - Bubri4
2026-09-18 12:54:58 +125286906 [INFO] handleEventActivation: event gateJumped triggered for: EVE - Bubri4
2026-09-18 12:54:58 +125286906 [INFO] endEvent: event ended for: EVE - Khivus
2026-09-18 12:54:58 +125286906 [INFO] handleEventActivation: event gateJumped triggered for: EVE - Khivus
2026-09-18 12:54:59 +125287906 [INFO] endEvent: event ended for: EVE - Bubri4
2026-09-18 12:54:59 +125287906 [INFO] handleEventActivation: event gateJumped triggered for: EVE - Bubri4
2026-09-18 12:54:59 +125287906 [INFO] endEvent: event ended for: EVE - Myamlyach
2026-09-18 12:54:59 +125287906 [INFO] handleEventActivation: event gateJumped triggered for: EVE - Myamlyach
2026-09-18 12:54:59 +125287906 [INFO] endEvent: event ended for: EVE - Rakkadan Aihaken
2026-09-18 12:54:59 +125287906 [INFO] handleEventActivation: event gateJumped triggered for: EVE - Rakkadan Aihaken
2026-09-18 12:54:59 +125287921 [INFO] endEvent: event ended for: EVE - Tapira Osaki
2026-09-18 12:54:59 +125287921 [INFO] handleEventActivation: event gateJumped triggered for: EVE - Tapira Osaki
2026-09-18 12:54:59 +125287921 [INFO] endEvent: event ended for: EVE - iBlackMan
2026-09-18 12:54:59 +125287921 [INFO] handleEventActivation: event gateJumped triggered for: EVE - iBlackMan
2026-09-18 12:55:06 +125294906 [INFO] endEvent: event ended for: EVE - Bubri4
2026-09-18 12:55:06 +125294906 [INFO] handleEventActivation: event fleetWarped triggered for: EVE - Bubri4
2026-09-18 12:55:06 +125294906 [INFO] endEvent: event ended for: EVE - Khivus
2026-09-18 12:55:06 +125294906 [INFO] handleEventActivation: event fleetWarped triggered for: EVE - Khivus
2026-09-18 12:55:06 +125294906 [INFO] endEvent: event ended for: EVE - Rakkadan Aihaken
2026-09-18 12:55:06 +125294906 [INFO] handleEventActivation: event fleetWarped triggered for: EVE - Rakkadan Aihaken
2026-09-18 12:55:06 +125294921 [INFO] endEvent: event ended for: EVE - Svyatoslav Trubochist
2026-09-18 12:55:06 +125294921 [INFO] handleEventActivation: event fleetWarped triggered for: EVE - Svyatoslav Trubochist
2026-09-18 12:55:06 +125294921 [INFO] endEvent: event ended for: EVE - iBlackMan
2026-09-18 12:55:06 +125294921 [INFO] handleEventActivation: event fleetWarped triggered for: EVE - iBlackMan
2026-09-18 12:55:07 +125295906 [INFO] endEvent: event ended for: EVE - Alyosha your Daddy
2026-09-18 12:55:07 +125295906 [INFO] handleEventActivation: event fleetWarped triggered for: EVE - Alyosha your Daddy
2026-09-18 12:55:07 +125295906 [INFO] endEvent: event ended for: EVE - Khan Lover
2026-09-18 12:55:07 +125295906 [INFO] handleEventActivation: event fleetWarped triggered for: EVE - Khan Lover
2026-09-18 12:55:07 +125295906 [INFO] endEvent: event ended for: EVE - Takashin Agi
2026-09-18 12:55:07 +125295921 [INFO] handleEventActivation: event fleetWarped triggered for: EVE - Takashin Agi
2026-09-18 12:55:07 +125295921 [INFO] endEvent: event ended for: EVE - Tapira Osaki
2026-09-18 12:55:07 +125295921 [INFO] handleEventActivation: event fleetWarped triggered for: EVE - Tapira Osaki
2026-09-18 12:55:28 +125316906 [INFO] endEvent: event ended for: EVE - Alyosha your Daddy
2026-09-18 12:55:28 +125316906 [INFO] handleEventActivation: event gateJumped triggered for: EVE - Alyosha your Daddy
2026-09-18 12:55:28 +125316906 [INFO] endEvent: event ended for: EVE - Khivus
2026-09-18 12:55:28 +125316906 [INFO] handleEventActivation: event gateJumped triggered for: EVE - Khivus
2026-09-18 12:55:28 +125316921 [INFO] endEvent: event ended for: EVE - Tapira Osaki
2026-09-18 12:55:28 +125316921 [INFO] handleEventActivation: event gateJumped triggered for: EVE - Tapira Osaki
2026-09-18 12:55:29 +125317906 [INFO] endEvent: event ended for: EVE - Alyosha your Daddy
2026-09-18 12:55:29 +125317906 [INFO] handleEventActivation: event gateJumped triggered for: EVE - Alyosha your Daddy
2026-09-18 12:55:29 +125317906 [INFO] endEvent: event ended for: EVE - Bubri4
2026-09-18 12:55:29 +125317906 [INFO] handleEventActivation: event gateJumped triggered for: EVE - Bubri4
2026-09-18 12:55:29 +125317921 [INFO] endEvent: event ended for: EVE - Khivus
2026-09-18 12:55:29 +125317921 [INFO] handleEventActivation: event gateJumped triggered for: EVE - Khivus
2026-09-18 12:55:29 +125317921 [INFO] endEvent: event ended for: EVE - Takashin Agi
2026-09-18 12:55:29 +125317921 [INFO] handleEventActivation: event gateJumped triggered for: EVE - Takashin Agi
2026-09-18 12:55:29 +125317921 [INFO] endEvent: event ended for: EVE - Tapira Osaki
2026-09-18 12:55:29 +125317921 [INFO] handleEventActivation: event gateJumped triggered for: EVE - Tapira Osaki
2026-09-18 12:55:29 +125317937 [INFO] endEvent: event ended for: EVE - iBlackMan
2026-09-18 12:55:29 +125317937 [INFO] handleEventActivation: event gateJumped triggered for: EVE - iBlackMan
2026-09-18 12:55:30 +125318906 [INFO] endEvent: event ended for: EVE - Bubri4
2026-09-18 12:55:30 +125318906 [INFO] handleEventActivation: event gateJumped triggered for: EVE - Bubri4
2026-09-18 12:55:30 +125318906 [INFO] endEvent: event ended for: EVE - Khan Lover
2026-09-18 12:55:30 +125318906 [INFO] handleEventActivation: event gateJumped triggered for: EVE - Khan Lover
2026-09-18 12:55:30 +125318921 [INFO] endEvent: event ended for: EVE - Myamlyach
2026-09-18 12:55:30 +125318921 [INFO] handleEventActivation: event gateJumped triggered for: EVE - Myamlyach
2026-09-18 12:55:30 +125318921 [INFO] endEvent: event ended for: EVE - Rakkadan Aihaken
2026-09-18 12:55:30 +125318921 [INFO] handleEventActivation: event gateJumped triggered for: EVE - Rakkadan Aihaken
2026-09-18 12:55:30 +125318921 [INFO] endEvent: event ended for: EVE - Svyatoslav Trubochist
2026-09-18 12:55:30 +125318937 [INFO] handleEventActivation: event gateJumped triggered for: EVE - Svyatoslav Trubochist
2026-09-18 12:55:30 +125318937 [INFO] endEvent: event ended for: EVE - Takashin Agi
2026-09-18 12:55:30 +125318937 [INFO] handleEventActivation: event gateJumped triggered for: EVE - Takashin Agi
2026-09-18 12:55:30 +125318937 [INFO] endEvent: event ended for: EVE - iBlackMan
2026-09-18 12:55:30 +125318937 [INFO] handleEventActivation: event gateJumped triggered for: EVE - iBlackMan
2026-09-18 12:55:31 +125319906 [INFO] endEvent: event ended for: EVE - Khan Lover
2026-09-18 12:55:31 +125319906 [INFO] handleEventActivation: event gateJumped triggered for: EVE - Khan Lover
2026-09-18 12:55:31 +125319906 [INFO] endEvent: event ended for: EVE - Myamlyach
2026-09-18 12:55:31 +125319906 [INFO] handleEventActivation: event gateJumped triggered for: EVE - Myamlyach
2026-09-18 12:55:32 +125320906 [INFO] endEvent: event ended for: EVE - Svyatoslav Trubochist
2026-09-18 12:55:32 +125320906 [INFO] handleEventActivation: event gateJumped triggered for: EVE - Svyatoslav Trubochist
2026-09-18 12:55:40 +125328906 [INFO] endEvent: event ended for: EVE - Alyosha your Daddy
2026-09-18 12:55:40 +125328906 [INFO] handleEventActivation: event fleetWarped triggered for: EVE - Alyosha your Daddy
2026-09-18 12:55:40 +125328921 [INFO] endEvent: event ended for: EVE - Bubri4
2026-09-18 12:55:40 +125328921 [INFO] handleEventActivation: event fleetWarped triggered for: EVE - Bubri4
2026-09-18 12:55:40 +125328921 [INFO] endEvent: event ended for: EVE - Khan Lover
2026-09-18 12:55:40 +125328921 [INFO] handleEventActivation: event fleetWarped triggered for: EVE - Khan Lover
2026-09-18 12:55:40 +125328921 [INFO] endEvent: event ended for: EVE - Khivus
2026-09-18 12:55:40 +125328921 [INFO] handleEventActivation: event fleetWarped triggered for: EVE - Khivus
2026-09-18 12:55:40 +125328937 [INFO] endEvent: event ended for: EVE - Rakkadan Aihaken
2026-09-18 12:55:40 +125328937 [INFO] handleEventActivation: event fleetWarped triggered for: EVE - Rakkadan Aihaken
2026-09-18 12:55:40 +125328937 [INFO] endEvent: event ended for: EVE - Takashin Agi
2026-09-18 12:55:40 +125328937 [INFO] handleEventActivation: event fleetWarped triggered for: EVE - Takashin Agi
2026-09-18 12:55:40 +125328937 [INFO] endEvent: event ended for: EVE - Tapira Osaki
2026-09-18 12:55:40 +125328937 [INFO] handleEventActivation: event fleetWarped triggered for: EVE - Tapira Osaki
2026-09-18 12:55:41 +125329906 [INFO] endEvent: event ended for: EVE - Svyatoslav Trubochist
2026-09-18 12:55:41 +125329906 [INFO] handleEventActivation: event fleetWarped triggered for: EVE - Svyatoslav Trubochist
2026-09-18 12:55:41 +125329906 [INFO] endEvent: event ended for: EVE - iBlackMan
2026-09-18 12:55:41 +125329906 [INFO] handleEventActivation: event fleetWarped triggered for: EVE - iBlackMan
2026-09-18 12:56:02 +125350906 [INFO] endEvent: event ended for: EVE - Myamlyach
2026-09-18 12:56:02 +125350906 [INFO] handleEventActivation: event gateJumped triggered for: EVE - Myamlyach
2026-09-18 12:56:02 +125350906 [INFO] endEvent: event ended for: EVE - Svyatoslav Trubochist
2026-09-18 12:56:02 +125350906 [INFO] handleEventActivation: event gateJumped triggered for: EVE - Svyatoslav Trubochist
2026-09-18 12:56:02 +125350921 [INFO] endEvent: event ended for: EVE - Takashin Agi
2026-09-18 12:56:02 +125350921 [INFO] handleEventActivation: event gateJumped triggered for: EVE - Takashin Agi
2026-09-18 12:56:03 +125351906 [INFO] endEvent: event ended for: EVE - Bubri4
2026-09-18 12:56:03 +125351906 [INFO] handleEventActivation: event gateJumped triggered for: EVE - Bubri4
2026-09-18 12:56:03 +125351906 [INFO] endEvent: event ended for: EVE - Khan Lover
2026-09-18 12:56:03 +125351906 [INFO] handleEventActivation: event gateJumped triggered for: EVE - Khan Lover
2026-09-18 12:56:03 +125351906 [INFO] endEvent: event ended for: EVE - Khivus
2026-09-18 12:56:03 +125351906 [INFO] handleEventActivation: event gateJumped triggered for: EVE - Khivus
2026-09-18 12:56:03 +125351921 [INFO] endEvent: event ended for: EVE - Myamlyach
2026-09-18 12:56:03 +125351921 [INFO] handleEventActivation: event gateJumped triggered for: EVE - Myamlyach
2026-09-18 12:56:03 +125351921 [INFO] endEvent: event ended for: EVE - Rakkadan Aihaken
2026-09-18 12:56:03 +125351921 [INFO] handleEventActivation: event gateJumped triggered for: EVE - Rakkadan Aihaken
2026-09-18 12:56:03 +125351921 [INFO] endEvent: event ended for: EVE - Svyatoslav Trubochist
2026-09-18 12:56:03 +125351921 [INFO] handleEventActivation: event gateJumped triggered for: EVE - Svyatoslav Trubochist
2026-09-18 12:56:03 +125351937 [INFO] endEvent: event ended for: EVE - iBlackMan
2026-09-18 12:56:03 +125351937 [INFO] handleEventActivation: event gateJumped triggered for: EVE - iBlackMan
2026-09-18 12:56:04 +125352906 [INFO] endEvent: event ended for: EVE - Alyosha your Daddy
2026-09-18 12:56:04 +125352906 [INFO] handleEventActivation: event gateJumped triggered for: EVE - Alyosha your Daddy
2026-09-18 12:56:04 +125352921 [INFO] endEvent: event ended for: EVE - Bubri4
2026-09-18 12:56:04 +125352921 [INFO] handleEventActivation: event gateJumped triggered for: EVE - Bubri4
2026-09-18 12:56:04 +125352921 [INFO] endEvent: event ended for: EVE - Khan Lover
2026-09-18 12:56:04 +125352921 [INFO] handleEventActivation: event gateJumped triggered for: EVE - Khan Lover
2026-09-18 12:56:04 +125352921 [INFO] endEvent: event ended for: EVE - Tapira Osaki
2026-09-18 12:56:04 +125352937 [INFO] handleEventActivation: event gateJumped triggered for: EVE - Tapira Osaki
2026-09-18 12:56:05 +125353906 [INFO] endEvent: event ended for: EVE - Alyosha your Daddy
2026-09-18 12:56:05 +125353906 [INFO] handleEventActivation: event gateJumped triggered for: EVE - Alyosha your Daddy
2026-09-18 12:56:05 +125353906 [INFO] endEvent: event ended for: EVE - Takashin Agi
2026-09-18 12:56:05 +125353906 [INFO] handleEventActivation: event gateJumped triggered for: EVE - Takashin Agi
2026-09-18 12:56:05 +125353906 [INFO] endEvent: event ended for: EVE - Tapira Osaki
2026-09-18 12:56:05 +125353906 [INFO] handleEventActivation: event gateJumped triggered for: EVE - Tapira Osaki
2026-09-18 12:56:05 +125353921 [INFO] endEvent: event ended for: EVE - iBlackMan
2026-09-18 12:56:05 +125353921 [INFO] handleEventActivation: event gateJumped triggered for: EVE - iBlackMan
2026-09-18 12:56:11 +125359906 [INFO] endEvent: event ended for: EVE - Alyosha your Daddy
2026-09-18 12:56:11 +125359906 [INFO] handleEventActivation: event fleetWarped triggered for: EVE - Alyosha your Daddy
2026-09-18 12:56:11 +125359906 [INFO] endEvent: event ended for: EVE - Khan Lover
2026-09-18 12:56:11 +125359906 [INFO] handleEventActivation: event fleetWarped triggered for: EVE - Khan Lover
2026-09-18 12:56:11 +125359921 [INFO] endEvent: event ended for: EVE - Takashin Agi
2026-09-18 12:56:11 +125359921 [INFO] handleEventActivation: event fleetWarped triggered for: EVE - Takashin Agi
2026-09-18 12:56:12 +125360906 [INFO] endEvent: event ended for: EVE - Bubri4
2026-09-18 12:56:12 +125360906 [INFO] handleEventActivation: event fleetWarped triggered for: EVE - Bubri4
2026-09-18 12:56:12 +125360906 [INFO] endEvent: event ended for: EVE - Khivus
2026-09-18 12:56:12 +125360906 [INFO] handleEventActivation: event fleetWarped triggered for: EVE - Khivus
2026-09-18 12:56:12 +125360921 [INFO] endEvent: event ended for: EVE - Rakkadan Aihaken
2026-09-18 12:56:12 +125360921 [INFO] handleEventActivation: event fleetWarped triggered for: EVE - Rakkadan Aihaken
2026-09-18 12:56:12 +125360921 [INFO] endEvent: event ended for: EVE - Svyatoslav Trubochist
2026-09-18 12:56:12 +125360921 [INFO] handleEventActivation: event fleetWarped triggered for: EVE - Svyatoslav Trubochist
2026-09-18 12:56:12 +125360921 [INFO] endEvent: event ended for: EVE - Tapira Osaki
2026-09-18 12:56:12 +125360921 [INFO] handleEventActivation: event fleetWarped triggered for: EVE - Tapira Osaki
2026-09-18 12:56:12 +125360937 [INFO] endEvent: event ended for: EVE - iBlackMan
2026-09-18 12:56:12 +125360937 [INFO] handleEventActivation: event fleetWarped triggered for: EVE - iBlackMan
2026-09-18 12:56:18 +125367078 [ERROR] Main timer foreground check: Target window not found.
D:\Git\EVE-X-Preview\src\Main_Class.ahk:429 WinGetProcessName
D:\Git\EVE-X-Preview\src\Main_Class.ahk (429) : [WinGetProcessName] activeExe := WinGetProcessName("A")
D:\Git\EVE-X-Preview\src\Main_Class.ahk (429) : [Main_Class.Prototype.PollMainWindows] activeExe := WinGetProcessName("A")
D:\Git\EVE-X-Preview\src\Main_Class.ahk (348) : [Main_Class.Prototype.HandleMainTimer] This.PollMainWindows()
> Timer
2026-09-18 12:56:18 +125367078 [ERROR] Program event: Error in Main Timer Active Window Check

D:\Git\EVE-X-Preview\src\Main_Class.ahk:53 Main_Class.Prototype.debugToolTipText.set
D:\Git\EVE-X-Preview\src\Main_Class.ahk (53) : [Main_Class.Prototype.debugToolTipText.set] ProgramLog.Error(Error(addition), "Program event")
D:\Git\EVE-X-Preview\src\Main_Class.ahk (471) : [Main_Class.Prototype.PollMainWindows] This.debugToolTipText .= "Error in Main Timer Active Window Check
"
D:\Git\EVE-X-Preview\src\Main_Class.ahk (348) : [Main_Class.Prototype.HandleMainTimer] This.PollMainWindows()
> Timer
2026-09-18 12:56:35 +125383906 [INFO] endEvent: event ended for: EVE - Bubri4
2026-09-18 12:56:35 +125383906 [INFO] handleEventActivation: event gateJumped triggered for: EVE - Bubri4
2026-09-18 12:56:35 +125383906 [INFO] endEvent: event ended for: EVE - Khivus
2026-09-18 12:56:35 +125383906 [INFO] handleEventActivation: event gateJumped triggered for: EVE - Khivus
2026-09-18 12:56:35 +125383906 [INFO] endEvent: event ended for: EVE - Myamlyach
2026-09-18 12:56:35 +125383921 [INFO] handleEventActivation: event gateJumped triggered for: EVE - Myamlyach
2026-09-18 12:56:35 +125383921 [INFO] endEvent: event ended for: EVE - Svyatoslav Trubochist
2026-09-18 12:56:35 +125383921 [INFO] handleEventActivation: event gateJumped triggered for: EVE - Svyatoslav Trubochist
2026-09-18 12:56:35 +125383921 [INFO] endEvent: event ended for: EVE - Tapira Osaki
2026-09-18 12:56:35 +125383921 [INFO] handleEventActivation: event gateJumped triggered for: EVE - Tapira Osaki
2026-09-18 12:56:36 +125384906 [INFO] endEvent: event ended for: EVE - Bubri4
2026-09-18 12:56:36 +125384906 [INFO] handleEventActivation: event gateJumped triggered for: EVE - Bubri4
2026-09-18 12:56:36 +125384906 [INFO] endEvent: event ended for: EVE - Khan Lover
2026-09-18 12:56:36 +125384906 [INFO] handleEventActivation: event gateJumped triggered for: EVE - Khan Lover
2026-09-18 12:56:36 +125384906 [INFO] endEvent: event ended for: EVE - Khivus
2026-09-18 12:56:36 +125384906 [INFO] handleEventActivation: event gateJumped triggered for: EVE - Khivus
2026-09-18 12:56:36 +125384921 [INFO] endEvent: event ended for: EVE - Myamlyach
2026-09-18 12:56:36 +125384921 [INFO] handleEventActivation: event gateJumped triggered for: EVE - Myamlyach
2026-09-18 12:56:36 +125384921 [INFO] endEvent: event ended for: EVE - Rakkadan Aihaken
2026-09-18 12:56:36 +125384921 [INFO] handleEventActivation: event gateJumped triggered for: EVE - Rakkadan Aihaken
2026-09-18 12:56:36 +125384921 [INFO] endEvent: event ended for: EVE - Takashin Agi
2026-09-18 12:56:36 +125384921 [INFO] handleEventActivation: event gateJumped triggered for: EVE - Takashin Agi
2026-09-18 12:56:36 +125384937 [INFO] endEvent: event ended for: EVE - Tapira Osaki
2026-09-18 12:56:36 +125384937 [INFO] handleEventActivation: event gateJumped triggered for: EVE - Tapira Osaki
2026-09-18 12:56:36 +125384937 [INFO] endEvent: event ended for: EVE - iBlackMan
2026-09-18 12:56:36 +125384937 [INFO] handleEventActivation: event gateJumped triggered for: EVE - iBlackMan
2026-09-18 12:56:37 +125385906 [INFO] endEvent: event ended for: EVE - Alyosha your Daddy
2026-09-18 12:56:37 +125385906 [INFO] handleEventActivation: event gateJumped triggered for: EVE - Alyosha your Daddy
2026-09-18 12:56:37 +125385906 [INFO] endEvent: event ended for: EVE - Khan Lover
2026-09-18 12:56:37 +125385906 [INFO] handleEventActivation: event gateJumped triggered for: EVE - Khan Lover
2026-09-18 12:56:37 +125385906 [INFO] endEvent: event ended for: EVE - Rakkadan Aihaken
2026-09-18 12:56:37 +125385906 [INFO] handleEventActivation: event gateJumped triggered for: EVE - Rakkadan Aihaken
2026-09-18 12:56:37 +125385921 [INFO] endEvent: event ended for: EVE - iBlackMan
2026-09-18 12:56:37 +125385921 [INFO] handleEventActivation: event gateJumped triggered for: EVE - iBlackMan
2026-09-18 12:56:38 +125386906 [INFO] endEvent: event ended for: EVE - Takashin Agi
2026-09-18 12:56:38 +125386906 [INFO] handleEventActivation: event gateJumped triggered for: EVE - Takashin Agi
2026-09-18 12:56:39 +125387906 [INFO] endEvent: event ended for: EVE - Alyosha your Daddy
2026-09-18 12:56:39 +125387906 [INFO] handleEventActivation: event gateJumped triggered for: EVE - Alyosha your Daddy
2026-09-18 12:56:43 +125391906 [INFO] endEvent: event ended for: EVE - Bubri4
2026-09-18 12:56:43 +125391906 [INFO] handleEventActivation: event fleetWarped triggered for: EVE - Bubri4
2026-09-18 12:56:43 +125391906 [INFO] endEvent: event ended for: EVE - Khan Lover
2026-09-18 12:56:43 +125391906 [INFO] handleEventActivation: event fleetWarped triggered for: EVE - Khan Lover
2026-09-18 12:56:43 +125391906 [INFO] endEvent: event ended for: EVE - Khivus
2026-09-18 12:56:43 +125391921 [INFO] handleEventActivation: event fleetWarped triggered for: EVE - Khivus
2026-09-18 12:56:43 +125391921 [INFO] endEvent: event ended for: EVE - Svyatoslav Trubochist
2026-09-18 12:56:43 +125391921 [INFO] handleEventActivation: event fleetWarped triggered for: EVE - Svyatoslav Trubochist
2026-09-18 12:56:43 +125391921 [INFO] endEvent: event ended for: EVE - Takashin Agi
2026-09-18 12:56:43 +125391921 [INFO] handleEventActivation: event fleetWarped triggered for: EVE - Takashin Agi
2026-09-18 12:56:43 +125391921 [INFO] endEvent: event ended for: EVE - iBlackMan
2026-09-18 12:56:43 +125391921 [INFO] handleEventActivation: event fleetWarped triggered for: EVE - iBlackMan
2026-09-18 12:56:44 +125392906 [INFO] endEvent: event ended for: EVE - Alyosha your Daddy
2026-09-18 12:56:44 +125392906 [INFO] handleEventActivation: event fleetWarped triggered for: EVE - Alyosha your Daddy
2026-09-18 12:56:44 +125392906 [INFO] endEvent: event ended for: EVE - Rakkadan Aihaken
2026-09-18 12:56:44 +125392906 [INFO] handleEventActivation: event fleetWarped triggered for: EVE - Rakkadan Aihaken
2026-09-18 12:56:44 +125392921 [INFO] endEvent: event ended for: EVE - Tapira Osaki
2026-09-18 12:56:44 +125392921 [INFO] handleEventActivation: event fleetWarped triggered for: EVE - Tapira Osaki
2026-09-18 12:57:16 +125424968 [ERROR] Main timer foreground check: Target window not found.
D:\Git\EVE-X-Preview\src\Main_Class.ahk:429 WinGetProcessName
D:\Git\EVE-X-Preview\src\Main_Class.ahk (429) : [WinGetProcessName] activeExe := WinGetProcessName("A")
D:\Git\EVE-X-Preview\src\Main_Class.ahk (429) : [Main_Class.Prototype.PollMainWindows] activeExe := WinGetProcessName("A")
D:\Git\EVE-X-Preview\src\Main_Class.ahk (348) : [Main_Class.Prototype.HandleMainTimer] This.PollMainWindows()
> Timer
2026-09-18 12:57:16 +125424968 [ERROR] Program event: Error in Main Timer Active Window Check

D:\Git\EVE-X-Preview\src\Main_Class.ahk:53 Main_Class.Prototype.debugToolTipText.set
D:\Git\EVE-X-Preview\src\Main_Class.ahk (53) : [Main_Class.Prototype.debugToolTipText.set] ProgramLog.Error(Error(addition), "Program event")
D:\Git\EVE-X-Preview\src\Main_Class.ahk (471) : [Main_Class.Prototype.PollMainWindows] This.debugToolTipText .= "Error in Main Timer Active Window Check
"
D:\Git\EVE-X-Preview\src\Main_Class.ahk (348) : [Main_Class.Prototype.HandleMainTimer] This.PollMainWindows()
> Timer
2026-09-18 12:57:36 +125444921 [INFO] endEvent: event ended for: EVE - Myamlyach
2026-09-18 12:57:43 +125451906 [INFO] endEvent: event ended for: EVE - Bubri4
2026-09-18 12:57:43 +125451906 [INFO] endEvent: event ended for: EVE - Khan Lover
2026-09-18 12:57:43 +125451921 [INFO] endEvent: event ended for: EVE - Khivus
2026-09-18 12:57:43 +125451921 [INFO] endEvent: event ended for: EVE - Svyatoslav Trubochist
2026-09-18 12:57:43 +125451921 [INFO] endEvent: event ended for: EVE - Takashin Agi
2026-09-18 12:57:43 +125451937 [INFO] endEvent: event ended for: EVE - iBlackMan
2026-09-18 12:57:44 +125452906 [INFO] endEvent: event ended for: EVE - Alyosha your Daddy
2026-09-18 12:57:44 +125452921 [INFO] endEvent: event ended for: EVE - Rakkadan Aihaken
2026-09-18 12:57:44 +125452921 [INFO] endEvent: event ended for: EVE - Tapira Osaki
2026-09-18 12:58:00 +125468843 [ERROR] Main timer foreground check: Target window not found.
D:\Git\EVE-X-Preview\src\Main_Class.ahk:429 WinGetProcessName
D:\Git\EVE-X-Preview\src\Main_Class.ahk (429) : [WinGetProcessName] activeExe := WinGetProcessName("A")
D:\Git\EVE-X-Preview\src\Main_Class.ahk (429) : [Main_Class.Prototype.PollMainWindows] activeExe := WinGetProcessName("A")
D:\Git\EVE-X-Preview\src\Main_Class.ahk (348) : [Main_Class.Prototype.HandleMainTimer] This.PollMainWindows()
> Timer
2026-09-18 12:58:00 +125468843 [ERROR] Program event: Error in Main Timer Active Window Check

D:\Git\EVE-X-Preview\src\Main_Class.ahk:53 Main_Class.Prototype.debugToolTipText.set
D:\Git\EVE-X-Preview\src\Main_Class.ahk (53) : [Main_Class.Prototype.debugToolTipText.set] ProgramLog.Error(Error(addition), "Program event")
D:\Git\EVE-X-Preview\src\Main_Class.ahk (471) : [Main_Class.Prototype.PollMainWindows] This.debugToolTipText .= "Error in Main Timer Active Window Check
"
D:\Git\EVE-X-Preview\src\Main_Class.ahk (348) : [Main_Class.Prototype.HandleMainTimer] This.PollMainWindows()
> Timer
2026-09-18 13:16:27 +126575906 [INFO] Thumbnail action: ActivateThumbnail for: EVE - Myamlyach
2026-09-18 13:16:27 +126575906 [INFO] Activation requested; target=462564; source=132342
2026-09-18 13:16:27 +126575968 [INFO] Activation focus confirmed; target=462564; foreground=462564
2026-09-18 13:16:29 +126578593 [INFO] Activation requested; target=986496; source=462564
2026-09-18 13:16:29 +126578656 [INFO] Activation focus confirmed; target=986496; foreground=986496
2026-09-18 13:16:30 +126578953 [INFO] Activation requested; target=397052; source=986496
2026-09-18 13:16:30 +126578984 [ERROR] Main timer foreground check: Target window not found.
D:\Git\EVE-X-Preview\src\Main_Class.ahk:429 WinGetProcessName
D:\Git\EVE-X-Preview\src\Main_Class.ahk (429) : [WinGetProcessName] activeExe := WinGetProcessName("A")
D:\Git\EVE-X-Preview\src\Main_Class.ahk (429) : [Main_Class.Prototype.PollMainWindows] activeExe := WinGetProcessName("A")
D:\Git\EVE-X-Preview\src\Main_Class.ahk (348) : [Main_Class.Prototype.HandleMainTimer] This.PollMainWindows()
> Timer
2026-09-18 13:16:30 +126578984 [ERROR] Program event: Error in Main Timer Active Window Check

D:\Git\EVE-X-Preview\src\Main_Class.ahk:53 Main_Class.Prototype.debugToolTipText.set
D:\Git\EVE-X-Preview\src\Main_Class.ahk (53) : [Main_Class.Prototype.debugToolTipText.set] ProgramLog.Error(Error(addition), "Program event")
D:\Git\EVE-X-Preview\src\Main_Class.ahk (471) : [Main_Class.Prototype.PollMainWindows] This.debugToolTipText .= "Error in Main Timer Active Window Check
"
D:\Git\EVE-X-Preview\src\Main_Class.ahk (348) : [Main_Class.Prototype.HandleMainTimer] This.PollMainWindows()
> Timer
2026-09-18 13:16:30 +126579046 [INFO] Activation focus confirmed; target=397052; foreground=397052
2026-09-18 13:16:30 +126579312 [INFO] Activation requested; target=1838794; source=397052
2026-09-18 13:16:30 +126579359 [INFO] Activation focus confirmed; target=1838794; foreground=1838794
2026-09-18 13:16:30 +126579656 [INFO] Activation requested; target=12519826; source=1838794
2026-09-18 13:16:30 +126579687 [INFO] Activation focus confirmed; target=12519826; foreground=12519826
2026-09-18 13:16:31 +126580000 [INFO] Activation requested; target=396958; source=12519826
2026-09-18 13:16:31 +126580031 [INFO] Activation focus confirmed; target=396958; foreground=396958
2026-09-18 13:16:31 +126580343 [INFO] Activation requested; target=1837564; source=396958
2026-09-18 13:16:31 +126580406 [INFO] Activation focus confirmed; target=1837564; foreground=1837564
2026-09-18 13:16:31 +126580671 [INFO] Activation requested; target=3803056; source=1837564
2026-09-18 13:16:31 +126580718 [INFO] Activation focus confirmed; target=3803056; foreground=3803056
2026-09-18 13:16:32 +126580984 [INFO] Activation requested; target=396956; source=3803056
2026-09-18 13:16:32 +126581031 [INFO] Activation focus confirmed; target=396956; foreground=396956
2026-09-18 13:16:32 +126581328 [INFO] Activation requested; target=396894; source=396956
2026-09-18 13:16:32 +126581359 [ERROR] Main timer foreground check: Target window not found.
D:\Git\EVE-X-Preview\src\Main_Class.ahk:429 WinGetProcessName
D:\Git\EVE-X-Preview\src\Main_Class.ahk (429) : [WinGetProcessName] activeExe := WinGetProcessName("A")
D:\Git\EVE-X-Preview\src\Main_Class.ahk (429) : [Main_Class.Prototype.PollMainWindows] activeExe := WinGetProcessName("A")
D:\Git\EVE-X-Preview\src\Main_Class.ahk (348) : [Main_Class.Prototype.HandleMainTimer] This.PollMainWindows()
> Timer
2026-09-18 13:16:32 +126581359 [ERROR] Program event: Error in Main Timer Active Window Check

D:\Git\EVE-X-Preview\src\Main_Class.ahk:53 Main_Class.Prototype.debugToolTipText.set
D:\Git\EVE-X-Preview\src\Main_Class.ahk (53) : [Main_Class.Prototype.debugToolTipText.set] ProgramLog.Error(Error(addition), "Program event")
D:\Git\EVE-X-Preview\src\Main_Class.ahk (471) : [Main_Class.Prototype.PollMainWindows] This.debugToolTipText .= "Error in Main Timer Active Window Check
"
D:\Git\EVE-X-Preview\src\Main_Class.ahk (348) : [Main_Class.Prototype.HandleMainTimer] This.PollMainWindows()
> Timer
2026-09-18 13:16:32 +126581421 [INFO] Activation focus confirmed; target=396894; foreground=396894
2026-09-18 13:16:32 +126581781 [INFO] Activation requested; target=462564; source=396894
2026-09-18 13:16:32 +126581812 [ERROR] Main timer foreground check: Target window not found.
D:\Git\EVE-X-Preview\src\Main_Class.ahk:429 WinGetProcessName
D:\Git\EVE-X-Preview\src\Main_Class.ahk (429) : [WinGetProcessName] activeExe := WinGetProcessName("A")
D:\Git\EVE-X-Preview\src\Main_Class.ahk (429) : [Main_Class.Prototype.PollMainWindows] activeExe := WinGetProcessName("A")
D:\Git\EVE-X-Preview\src\Main_Class.ahk (348) : [Main_Class.Prototype.HandleMainTimer] This.PollMainWindows()
> Timer
2026-09-18 13:16:32 +126581812 [ERROR] Program event: Error in Main Timer Active Window Check

D:\Git\EVE-X-Preview\src\Main_Class.ahk:53 Main_Class.Prototype.debugToolTipText.set
D:\Git\EVE-X-Preview\src\Main_Class.ahk (53) : [Main_Class.Prototype.debugToolTipText.set] ProgramLog.Error(Error(addition), "Program event")
D:\Git\EVE-X-Preview\src\Main_Class.ahk (471) : [Main_Class.Prototype.PollMainWindows] This.debugToolTipText .= "Error in Main Timer Active Window Check
"
D:\Git\EVE-X-Preview\src\Main_Class.ahk (348) : [Main_Class.Prototype.HandleMainTimer] This.PollMainWindows()
> Timer
2026-09-18 13:16:33 +126581875 [INFO] Activation focus confirmed; target=462564; foreground=462564
2026-09-18 13:16:33 +126582375 [INFO] Activation requested; target=986496; source=462564
2026-09-18 13:16:33 +126582406 [ERROR] Main timer foreground check: Target window not found.
D:\Git\EVE-X-Preview\src\Main_Class.ahk:429 WinGetProcessName
D:\Git\EVE-X-Preview\src\Main_Class.ahk (429) : [WinGetProcessName] activeExe := WinGetProcessName("A")
D:\Git\EVE-X-Preview\src\Main_Class.ahk (429) : [Main_Class.Prototype.PollMainWindows] activeExe := WinGetProcessName("A")
D:\Git\EVE-X-Preview\src\Main_Class.ahk (348) : [Main_Class.Prototype.HandleMainTimer] This.PollMainWindows()
> Timer
2026-09-18 13:16:33 +126582406 [ERROR] Program event: Error in Main Timer Active Window Check

D:\Git\EVE-X-Preview\src\Main_Class.ahk:53 Main_Class.Prototype.debugToolTipText.set
D:\Git\EVE-X-Preview\src\Main_Class.ahk (53) : [Main_Class.Prototype.debugToolTipText.set] ProgramLog.Error(Error(addition), "Program event")
D:\Git\EVE-X-Preview\src\Main_Class.ahk (471) : [Main_Class.Prototype.PollMainWindows] This.debugToolTipText .= "Error in Main Timer Active Window Check
"
D:\Git\EVE-X-Preview\src\Main_Class.ahk (348) : [Main_Class.Prototype.HandleMainTimer] This.PollMainWindows()
> Timer
2026-09-18 13:16:33 +126582468 [INFO] Activation focus confirmed; target=986496; foreground=986496
2026-09-18 13:16:36 +126585046 [INFO] Activation requested; target=397052; source=986496
2026-09-18 13:16:36 +126585093 [ERROR] Main timer foreground check: Target window not found.
D:\Git\EVE-X-Preview\src\Main_Class.ahk:429 WinGetProcessName
D:\Git\EVE-X-Preview\src\Main_Class.ahk (429) : [WinGetProcessName] activeExe := WinGetProcessName("A")
D:\Git\EVE-X-Preview\src\Main_Class.ahk (429) : [Main_Class.Prototype.PollMainWindows] activeExe := WinGetProcessName("A")
D:\Git\EVE-X-Preview\src\Main_Class.ahk (348) : [Main_Class.Prototype.HandleMainTimer] This.PollMainWindows()
> Timer
2026-09-18 13:16:36 +126585093 [ERROR] Program event: Error in Main Timer Active Window Check

D:\Git\EVE-X-Preview\src\Main_Class.ahk:53 Main_Class.Prototype.debugToolTipText.set
D:\Git\EVE-X-Preview\src\Main_Class.ahk (53) : [Main_Class.Prototype.debugToolTipText.set] ProgramLog.Error(Error(addition), "Program event")
D:\Git\EVE-X-Preview\src\Main_Class.ahk (471) : [Main_Class.Prototype.PollMainWindows] This.debugToolTipText .= "Error in Main Timer Active Window Check
"
D:\Git\EVE-X-Preview\src\Main_Class.ahk (348) : [Main_Class.Prototype.HandleMainTimer] This.PollMainWindows()
> Timer
2026-09-18 13:16:36 +126585156 [INFO] Activation focus confirmed; target=397052; foreground=397052
2026-09-18 13:16:37 +126586062 [INFO] Activation requested; target=1838794; source=397052
2026-09-18 13:16:37 +126586093 [ERROR] Main timer foreground check: Target window not found.
D:\Git\EVE-X-Preview\src\Main_Class.ahk:429 WinGetProcessName
D:\Git\EVE-X-Preview\src\Main_Class.ahk (429) : [WinGetProcessName] activeExe := WinGetProcessName("A")
D:\Git\EVE-X-Preview\src\Main_Class.ahk (429) : [Main_Class.Prototype.PollMainWindows] activeExe := WinGetProcessName("A")
D:\Git\EVE-X-Preview\src\Main_Class.ahk (348) : [Main_Class.Prototype.HandleMainTimer] This.PollMainWindows()
> Timer
2026-09-18 13:16:37 +126586093 [ERROR] Program event: Error in Main Timer Active Window Check

D:\Git\EVE-X-Preview\src\Main_Class.ahk:53 Main_Class.Prototype.debugToolTipText.set
D:\Git\EVE-X-Preview\src\Main_Class.ahk (53) : [Main_Class.Prototype.debugToolTipText.set] ProgramLog.Error(Error(addition), "Program event")
D:\Git\EVE-X-Preview\src\Main_Class.ahk (471) : [Main_Class.Prototype.PollMainWindows] This.debugToolTipText .= "Error in Main Timer Active Window Check
"
D:\Git\EVE-X-Preview\src\Main_Class.ahk (348) : [Main_Class.Prototype.HandleMainTimer] This.PollMainWindows()
> Timer
2026-09-18 13:16:37 +126586156 [INFO] Activation focus confirmed; target=1838794; foreground=1838794
2026-09-18 13:16:37 +126586406 [INFO] Activation requested; target=12519826; source=1838794
2026-09-18 13:16:37 +126586468 [INFO] Activation focus confirmed; target=12519826; foreground=12519826
2026-09-18 13:16:37 +126586734 [INFO] Activation requested; target=396958; source=12519826
2026-09-18 13:16:37 +126586781 [INFO] Activation focus confirmed; target=396958; foreground=396958
2026-09-18 13:16:38 +126587093 [INFO] Activation requested; target=1837564; source=396958
2026-09-18 13:16:38 +126587125 [ERROR] Main timer foreground check: Target window not found.
D:\Git\EVE-X-Preview\src\Main_Class.ahk:429 WinGetProcessName
D:\Git\EVE-X-Preview\src\Main_Class.ahk (429) : [WinGetProcessName] activeExe := WinGetProcessName("A")
D:\Git\EVE-X-Preview\src\Main_Class.ahk (429) : [Main_Class.Prototype.PollMainWindows] activeExe := WinGetProcessName("A")
D:\Git\EVE-X-Preview\src\Main_Class.ahk (348) : [Main_Class.Prototype.HandleMainTimer] This.PollMainWindows()
> Timer
2026-09-18 13:16:38 +126587125 [ERROR] Program event: Error in Main Timer Active Window Check

D:\Git\EVE-X-Preview\src\Main_Class.ahk:53 Main_Class.Prototype.debugToolTipText.set
D:\Git\EVE-X-Preview\src\Main_Class.ahk (53) : [Main_Class.Prototype.debugToolTipText.set] ProgramLog.Error(Error(addition), "Program event")
D:\Git\EVE-X-Preview\src\Main_Class.ahk (471) : [Main_Class.Prototype.PollMainWindows] This.debugToolTipText .= "Error in Main Timer Active Window Check
"
D:\Git\EVE-X-Preview\src\Main_Class.ahk (348) : [Main_Class.Prototype.HandleMainTimer] This.PollMainWindows()
> Timer
2026-09-18 13:16:38 +126587187 [INFO] Activation focus confirmed; target=1837564; foreground=1837564
2026-09-18 13:16:38 +126587453 [INFO] Activation requested; target=3803056; source=1837564
2026-09-18 13:16:38 +126587500 [INFO] Activation focus confirmed; target=3803056; foreground=3803056
2026-09-18 13:16:38 +126587765 [INFO] Activation requested; target=396956; source=3803056
2026-09-18 13:16:38 +126587812 [INFO] Activation focus confirmed; target=396956; foreground=396956
2026-09-18 13:16:39 +126588093 [INFO] Activation requested; target=396894; source=396956
2026-09-18 13:16:39 +126588125 [ERROR] Main timer foreground check: Target window not found.
D:\Git\EVE-X-Preview\src\Main_Class.ahk:429 WinGetProcessName
D:\Git\EVE-X-Preview\src\Main_Class.ahk (429) : [WinGetProcessName] activeExe := WinGetProcessName("A")
D:\Git\EVE-X-Preview\src\Main_Class.ahk (429) : [Main_Class.Prototype.PollMainWindows] activeExe := WinGetProcessName("A")
D:\Git\EVE-X-Preview\src\Main_Class.ahk (348) : [Main_Class.Prototype.HandleMainTimer] This.PollMainWindows()
> Timer
2026-09-18 13:16:39 +126588125 [ERROR] Program event: Error in Main Timer Active Window Check

D:\Git\EVE-X-Preview\src\Main_Class.ahk:53 Main_Class.Prototype.debugToolTipText.set
D:\Git\EVE-X-Preview\src\Main_Class.ahk (53) : [Main_Class.Prototype.debugToolTipText.set] ProgramLog.Error(Error(addition), "Program event")
D:\Git\EVE-X-Preview\src\Main_Class.ahk (471) : [Main_Class.Prototype.PollMainWindows] This.debugToolTipText .= "Error in Main Timer Active Window Check
"
D:\Git\EVE-X-Preview\src\Main_Class.ahk (348) : [Main_Class.Prototype.HandleMainTimer] This.PollMainWindows()
> Timer
2026-09-18 13:16:39 +126588187 [INFO] Activation focus confirmed; target=396894; foreground=396894
2026-09-18 13:16:39 +126588812 [INFO] Activation requested; target=986496; source=396894
2026-09-18 13:16:40 +126588875 [INFO] Activation focus confirmed; target=986496; foreground=986496
2026-09-18 13:16:41 +126590484 [INFO] Activation requested; target=397052; source=986496
2026-09-18 13:16:41 +126590515 [ERROR] Main timer foreground check: Target window not found.
D:\Git\EVE-X-Preview\src\Main_Class.ahk:429 WinGetProcessName
D:\Git\EVE-X-Preview\src\Main_Class.ahk (429) : [WinGetProcessName] activeExe := WinGetProcessName("A")
D:\Git\EVE-X-Preview\src\Main_Class.ahk (429) : [Main_Class.Prototype.PollMainWindows] activeExe := WinGetProcessName("A")
D:\Git\EVE-X-Preview\src\Main_Class.ahk (348) : [Main_Class.Prototype.HandleMainTimer] This.PollMainWindows()
> Timer
2026-09-18 13:16:41 +126590515 [ERROR] Program event: Error in Main Timer Active Window Check

D:\Git\EVE-X-Preview\src\Main_Class.ahk:53 Main_Class.Prototype.debugToolTipText.set
D:\Git\EVE-X-Preview\src\Main_Class.ahk (53) : [Main_Class.Prototype.debugToolTipText.set] ProgramLog.Error(Error(addition), "Program event")
D:\Git\EVE-X-Preview\src\Main_Class.ahk (471) : [Main_Class.Prototype.PollMainWindows] This.debugToolTipText .= "Error in Main Timer Active Window Check
"
D:\Git\EVE-X-Preview\src\Main_Class.ahk (348) : [Main_Class.Prototype.HandleMainTimer] This.PollMainWindows()
> Timer
2026-09-18 13:16:41 +126590578 [INFO] Activation focus confirmed; target=397052; foreground=397052
2026-09-18 13:16:43 +126592171 [INFO] Activation requested; target=1838794; source=397052
2026-09-18 13:16:43 +126592203 [ERROR] Main timer foreground check: Target window not found.
D:\Git\EVE-X-Preview\src\Main_Class.ahk:429 WinGetProcessName
D:\Git\EVE-X-Preview\src\Main_Class.ahk (429) : [WinGetProcessName] activeExe := WinGetProcessName("A")
D:\Git\EVE-X-Preview\src\Main_Class.ahk (429) : [Main_Class.Prototype.PollMainWindows] activeExe := WinGetProcessName("A")
D:\Git\EVE-X-Preview\src\Main_Class.ahk (348) : [Main_Class.Prototype.HandleMainTimer] This.PollMainWindows()
> Timer
2026-09-18 13:16:43 +126592203 [ERROR] Program event: Error in Main Timer Active Window Check

D:\Git\EVE-X-Preview\src\Main_Class.ahk:53 Main_Class.Prototype.debugToolTipText.set
D:\Git\EVE-X-Preview\src\Main_Class.ahk (53) : [Main_Class.Prototype.debugToolTipText.set] ProgramLog.Error(Error(addition), "Program event")
D:\Git\EVE-X-Preview\src\Main_Class.ahk (471) : [Main_Class.Prototype.PollMainWindows] This.debugToolTipText .= "Error in Main Timer Active Window Check
"
D:\Git\EVE-X-Preview\src\Main_Class.ahk (348) : [Main_Class.Prototype.HandleMainTimer] This.PollMainWindows()
> Timer
2026-09-18 13:16:43 +126592265 [INFO] Activation focus confirmed; target=1838794; foreground=1838794
2026-09-18 13:16:44 +126593578 [INFO] Activation requested; target=12519826; source=1838794
2026-09-18 13:16:44 +126593640 [INFO] Activation focus confirmed; target=12519826; foreground=12519826
2026-09-18 13:16:45 +126594718 [INFO] Activation requested; target=396958; source=12519826
2026-09-18 13:16:45 +126594765 [INFO] Activation focus confirmed; target=396958; foreground=396958
2026-09-18 13:16:46 +126595718 [INFO] Activation requested; target=1837564; source=396958
2026-09-18 13:16:46 +126595765 [INFO] Activation focus confirmed; target=1837564; foreground=1837564
2026-09-18 13:16:47 +126596687 [INFO] Activation requested; target=3803056; source=1837564
2026-09-18 13:16:47 +126596718 [INFO] Activation focus confirmed; target=3803056; foreground=3803056
2026-09-18 13:16:48 +126597734 [INFO] Activation requested; target=396956; source=3803056
2026-09-18 13:16:48 +126597781 [ERROR] Main timer foreground check: Target window not found.
D:\Git\EVE-X-Preview\src\Main_Class.ahk:429 WinGetProcessName
D:\Git\EVE-X-Preview\src\Main_Class.ahk (429) : [WinGetProcessName] activeExe := WinGetProcessName("A")
D:\Git\EVE-X-Preview\src\Main_Class.ahk (429) : [Main_Class.Prototype.PollMainWindows] activeExe := WinGetProcessName("A")
D:\Git\EVE-X-Preview\src\Main_Class.ahk (348) : [Main_Class.Prototype.HandleMainTimer] This.PollMainWindows()
> Timer
2026-09-18 13:16:48 +126597781 [ERROR] Program event: Error in Main Timer Active Window Check

D:\Git\EVE-X-Preview\src\Main_Class.ahk:53 Main_Class.Prototype.debugToolTipText.set
D:\Git\EVE-X-Preview\src\Main_Class.ahk (53) : [Main_Class.Prototype.debugToolTipText.set] ProgramLog.Error(Error(addition), "Program event")
D:\Git\EVE-X-Preview\src\Main_Class.ahk (471) : [Main_Class.Prototype.PollMainWindows] This.debugToolTipText .= "Error in Main Timer Active Window Check
"
D:\Git\EVE-X-Preview\src\Main_Class.ahk (348) : [Main_Class.Prototype.HandleMainTimer] This.PollMainWindows()
> Timer
2026-09-18 13:16:49 +126597843 [INFO] Activation focus confirmed; target=396956; foreground=396956
2026-09-18 13:16:49 +126598796 [INFO] Activation requested; target=396894; source=396956
2026-09-18 13:16:50 +126598843 [ERROR] Main timer foreground check: Target window not found.
D:\Git\EVE-X-Preview\src\Main_Class.ahk:429 WinGetProcessName
D:\Git\EVE-X-Preview\src\Main_Class.ahk (429) : [WinGetProcessName] activeExe := WinGetProcessName("A")
D:\Git\EVE-X-Preview\src\Main_Class.ahk (429) : [Main_Class.Prototype.PollMainWindows] activeExe := WinGetProcessName("A")
D:\Git\EVE-X-Preview\src\Main_Class.ahk (348) : [Main_Class.Prototype.HandleMainTimer] This.PollMainWindows()
> Timer
2026-09-18 13:16:50 +126598843 [ERROR] Program event: Error in Main Timer Active Window Check

D:\Git\EVE-X-Preview\src\Main_Class.ahk:53 Main_Class.Prototype.debugToolTipText.set
D:\Git\EVE-X-Preview\src\Main_Class.ahk (53) : [Main_Class.Prototype.debugToolTipText.set] ProgramLog.Error(Error(addition), "Program event")
D:\Git\EVE-X-Preview\src\Main_Class.ahk (471) : [Main_Class.Prototype.PollMainWindows] This.debugToolTipText .= "Error in Main Timer Active Window Check
"
D:\Git\EVE-X-Preview\src\Main_Class.ahk (348) : [Main_Class.Prototype.HandleMainTimer] This.PollMainWindows()
> Timer
2026-09-18 13:16:50 +126598906 [INFO] Activation focus confirmed; target=396894; foreground=396894
2026-09-18 13:16:51 +126600296 [INFO] Activation requested; target=986496; source=396894
2026-09-18 13:16:51 +126600343 [INFO] Activation focus confirmed; target=986496; foreground=986496
2026-09-18 13:16:52 +126601218 [INFO] Activation requested; target=397052; source=986496
2026-09-18 13:16:52 +126601281 [INFO] Activation focus confirmed; target=397052; foreground=397052
2026-09-18 13:16:52 +126601593 [INFO] Activation requested; target=1838794; source=397052
2026-09-18 13:16:52 +126601625 [ERROR] Main timer foreground check: Target window not found.
D:\Git\EVE-X-Preview\src\Main_Class.ahk:429 WinGetProcessName
D:\Git\EVE-X-Preview\src\Main_Class.ahk (429) : [WinGetProcessName] activeExe := WinGetProcessName("A")
D:\Git\EVE-X-Preview\src\Main_Class.ahk (429) : [Main_Class.Prototype.PollMainWindows] activeExe := WinGetProcessName("A")
D:\Git\EVE-X-Preview\src\Main_Class.ahk (348) : [Main_Class.Prototype.HandleMainTimer] This.PollMainWindows()
> Timer
2026-09-18 13:16:52 +126601625 [ERROR] Program event: Error in Main Timer Active Window Check

D:\Git\EVE-X-Preview\src\Main_Class.ahk:53 Main_Class.Prototype.debugToolTipText.set
D:\Git\EVE-X-Preview\src\Main_Class.ahk (53) : [Main_Class.Prototype.debugToolTipText.set] ProgramLog.Error(Error(addition), "Program event")
D:\Git\EVE-X-Preview\src\Main_Class.ahk (471) : [Main_Class.Prototype.PollMainWindows] This.debugToolTipText .= "Error in Main Timer Active Window Check
"
D:\Git\EVE-X-Preview\src\Main_Class.ahk (348) : [Main_Class.Prototype.HandleMainTimer] This.PollMainWindows()
> Timer
2026-09-18 13:16:52 +126601687 [INFO] Activation focus confirmed; target=1838794; foreground=1838794
2026-09-18 13:16:53 +126601921 [INFO] Activation requested; target=12519826; source=1838794
2026-09-18 13:16:53 +126601953 [ERROR] Main timer foreground check: Target window not found.
D:\Git\EVE-X-Preview\src\Main_Class.ahk:429 WinGetProcessName
D:\Git\EVE-X-Preview\src\Main_Class.ahk (429) : [WinGetProcessName] activeExe := WinGetProcessName("A")
D:\Git\EVE-X-Preview\src\Main_Class.ahk (429) : [Main_Class.Prototype.PollMainWindows] activeExe := WinGetProcessName("A")
D:\Git\EVE-X-Preview\src\Main_Class.ahk (348) : [Main_Class.Prototype.HandleMainTimer] This.PollMainWindows()
> Timer
2026-09-18 13:16:53 +126601953 [ERROR] Program event: Error in Main Timer Active Window Check

D:\Git\EVE-X-Preview\src\Main_Class.ahk:53 Main_Class.Prototype.debugToolTipText.set
D:\Git\EVE-X-Preview\src\Main_Class.ahk (53) : [Main_Class.Prototype.debugToolTipText.set] ProgramLog.Error(Error(addition), "Program event")
D:\Git\EVE-X-Preview\src\Main_Class.ahk (471) : [Main_Class.Prototype.PollMainWindows] This.debugToolTipText .= "Error in Main Timer Active Window Check
"
D:\Git\EVE-X-Preview\src\Main_Class.ahk (348) : [Main_Class.Prototype.HandleMainTimer] This.PollMainWindows()
> Timer
2026-09-18 13:16:53 +126602015 [INFO] Activation focus confirmed; target=12519826; foreground=12519826
2026-09-18 13:16:53 +126602265 [INFO] Activation requested; target=396958; source=12519826
2026-09-18 13:16:53 +126602296 [INFO] Activation focus confirmed; target=396958; foreground=396958
2026-09-18 13:16:53 +126602609 [INFO] Activation requested; target=1837564; source=396958
2026-09-18 13:16:53 +126602671 [INFO] Activation focus confirmed; target=1837564; foreground=1837564
2026-09-18 13:16:54 +126602921 [INFO] Activation requested; target=3803056; source=1837564
2026-09-18 13:16:54 +126602984 [INFO] Activation focus confirmed; target=3803056; foreground=3803056
2026-09-18 13:16:54 +126603281 [INFO] Activation requested; target=396956; source=3803056
2026-09-18 13:16:54 +126603312 [INFO] Activation focus confirmed; target=396956; foreground=396956
2026-09-18 13:16:54 +126603609 [INFO] Activation requested; target=396894; source=396956
2026-09-18 13:16:54 +126603640 [INFO] Activation focus confirmed; target=396894; foreground=396894
2026-09-18 13:16:55 +126604046 [INFO] Activation requested; target=986496; source=396894
2026-09-18 13:16:55 +126604078 [ERROR] Main timer foreground check: Target window not found.
D:\Git\EVE-X-Preview\src\Main_Class.ahk:429 WinGetProcessName
D:\Git\EVE-X-Preview\src\Main_Class.ahk (429) : [WinGetProcessName] activeExe := WinGetProcessName("A")
D:\Git\EVE-X-Preview\src\Main_Class.ahk (429) : [Main_Class.Prototype.PollMainWindows] activeExe := WinGetProcessName("A")
D:\Git\EVE-X-Preview\src\Main_Class.ahk (348) : [Main_Class.Prototype.HandleMainTimer] This.PollMainWindows()
> Timer
2026-09-18 13:16:55 +126604078 [ERROR] Program event: Error in Main Timer Active Window Check

D:\Git\EVE-X-Preview\src\Main_Class.ahk:53 Main_Class.Prototype.debugToolTipText.set
D:\Git\EVE-X-Preview\src\Main_Class.ahk (53) : [Main_Class.Prototype.debugToolTipText.set] ProgramLog.Error(Error(addition), "Program event")
D:\Git\EVE-X-Preview\src\Main_Class.ahk (471) : [Main_Class.Prototype.PollMainWindows] This.debugToolTipText .= "Error in Main Timer Active Window Check
"
D:\Git\EVE-X-Preview\src\Main_Class.ahk (348) : [Main_Class.Prototype.HandleMainTimer] This.PollMainWindows()
> Timer
2026-09-18 13:16:55 +126604140 [INFO] Activation focus confirmed; target=986496; foreground=986496
2026-09-18 13:16:57 +126605859 [INFO] Activation requested; target=397052; source=986496
2026-09-18 13:16:57 +126605890 [INFO] Activation focus confirmed; target=397052; foreground=397052
2026-09-18 13:16:58 +126607703 [INFO] Activation requested; target=1838794; source=397052
2026-09-18 13:16:58 +126607734 [ERROR] Main timer foreground check: Target window not found.
D:\Git\EVE-X-Preview\src\Main_Class.ahk:429 WinGetProcessName
D:\Git\EVE-X-Preview\src\Main_Class.ahk (429) : [WinGetProcessName] activeExe := WinGetProcessName("A")
D:\Git\EVE-X-Preview\src\Main_Class.ahk (429) : [Main_Class.Prototype.PollMainWindows] activeExe := WinGetProcessName("A")
D:\Git\EVE-X-Preview\src\Main_Class.ahk (348) : [Main_Class.Prototype.HandleMainTimer] This.PollMainWindows()
> Timer
2026-09-18 13:16:58 +126607734 [ERROR] Program event: Error in Main Timer Active Window Check

D:\Git\EVE-X-Preview\src\Main_Class.ahk:53 Main_Class.Prototype.debugToolTipText.set
D:\Git\EVE-X-Preview\src\Main_Class.ahk (53) : [Main_Class.Prototype.debugToolTipText.set] ProgramLog.Error(Error(addition), "Program event")
D:\Git\EVE-X-Preview\src\Main_Class.ahk (471) : [Main_Class.Prototype.PollMainWindows] This.debugToolTipText .= "Error in Main Timer Active Window Check
"
D:\Git\EVE-X-Preview\src\Main_Class.ahk (348) : [Main_Class.Prototype.HandleMainTimer] This.PollMainWindows()
> Timer
2026-09-18 13:16:58 +126607796 [INFO] Activation focus confirmed; target=1838794; foreground=1838794
2026-09-18 13:16:59 +126608812 [INFO] Activation requested; target=12519826; source=1838794
2026-09-18 13:17:00 +126608859 [INFO] Activation focus confirmed; target=12519826; foreground=12519826
2026-09-18 13:17:01 +126609984 [INFO] Activation requested; target=396958; source=12519826
2026-09-18 13:17:01 +126610015 [ERROR] Main timer foreground check: Target window not found.
D:\Git\EVE-X-Preview\src\Main_Class.ahk:429 WinGetProcessName
D:\Git\EVE-X-Preview\src\Main_Class.ahk (429) : [WinGetProcessName] activeExe := WinGetProcessName("A")
D:\Git\EVE-X-Preview\src\Main_Class.ahk (429) : [Main_Class.Prototype.PollMainWindows] activeExe := WinGetProcessName("A")
D:\Git\EVE-X-Preview\src\Main_Class.ahk (348) : [Main_Class.Prototype.HandleMainTimer] This.PollMainWindows()
> Timer
2026-09-18 13:17:01 +126610015 [ERROR] Program event: Error in Main Timer Active Window Check

D:\Git\EVE-X-Preview\src\Main_Class.ahk:53 Main_Class.Prototype.debugToolTipText.set
D:\Git\EVE-X-Preview\src\Main_Class.ahk (53) : [Main_Class.Prototype.debugToolTipText.set] ProgramLog.Error(Error(addition), "Program event")
D:\Git\EVE-X-Preview\src\Main_Class.ahk (471) : [Main_Class.Prototype.PollMainWindows] This.debugToolTipText .= "Error in Main Timer Active Window Check
"
D:\Git\EVE-X-Preview\src\Main_Class.ahk (348) : [Main_Class.Prototype.HandleMainTimer] This.PollMainWindows()
> Timer
2026-09-18 13:17:01 +126610078 [INFO] Activation focus confirmed; target=396958; foreground=396958
2026-09-18 13:17:02 +126611312 [INFO] Activation requested; target=1837564; source=396958
2026-09-18 13:17:02 +126611343 [ERROR] Main timer foreground check: Target window not found.
D:\Git\EVE-X-Preview\src\Main_Class.ahk:429 WinGetProcessName
D:\Git\EVE-X-Preview\src\Main_Class.ahk (429) : [WinGetProcessName] activeExe := WinGetProcessName("A")
D:\Git\EVE-X-Preview\src\Main_Class.ahk (429) : [Main_Class.Prototype.PollMainWindows] activeExe := WinGetProcessName("A")
D:\Git\EVE-X-Preview\src\Main_Class.ahk (348) : [Main_Class.Prototype.HandleMainTimer] This.PollMainWindows()
> Timer
2026-09-18 13:17:02 +126611343 [ERROR] Program event: Error in Main Timer Active Window Check

D:\Git\EVE-X-Preview\src\Main_Class.ahk:53 Main_Class.Prototype.debugToolTipText.set
D:\Git\EVE-X-Preview\src\Main_Class.ahk (53) : [Main_Class.Prototype.debugToolTipText.set] ProgramLog.Error(Error(addition), "Program event")
D:\Git\EVE-X-Preview\src\Main_Class.ahk (471) : [Main_Class.Prototype.PollMainWindows] This.debugToolTipText .= "Error in Main Timer Active Window Check
"
D:\Git\EVE-X-Preview\src\Main_Class.ahk (348) : [Main_Class.Prototype.HandleMainTimer] This.PollMainWindows()
> Timer
2026-09-18 13:17:02 +126611406 [INFO] Activation focus confirmed; target=1837564; foreground=1837564
2026-09-18 13:17:03 +126612375 [INFO] Activation requested; target=3803056; source=1837564
2026-09-18 13:17:03 +126612406 [ERROR] Main timer foreground check: Target window not found.
D:\Git\EVE-X-Preview\src\Main_Class.ahk:429 WinGetProcessName
D:\Git\EVE-X-Preview\src\Main_Class.ahk (429) : [WinGetProcessName] activeExe := WinGetProcessName("A")
D:\Git\EVE-X-Preview\src\Main_Class.ahk (429) : [Main_Class.Prototype.PollMainWindows] activeExe := WinGetProcessName("A")
D:\Git\EVE-X-Preview\src\Main_Class.ahk (348) : [Main_Class.Prototype.HandleMainTimer] This.PollMainWindows()
> Timer
2026-09-18 13:17:03 +126612406 [ERROR] Program event: Error in Main Timer Active Window Check

D:\Git\EVE-X-Preview\src\Main_Class.ahk:53 Main_Class.Prototype.debugToolTipText.set
D:\Git\EVE-X-Preview\src\Main_Class.ahk (53) : [Main_Class.Prototype.debugToolTipText.set] ProgramLog.Error(Error(addition), "Program event")
D:\Git\EVE-X-Preview\src\Main_Class.ahk (471) : [Main_Class.Prototype.PollMainWindows] This.debugToolTipText .= "Error in Main Timer Active Window Check
"
D:\Git\EVE-X-Preview\src\Main_Class.ahk (348) : [Main_Class.Prototype.HandleMainTimer] This.PollMainWindows()
> Timer
2026-09-18 13:17:03 +126612468 [INFO] Activation focus confirmed; target=3803056; foreground=3803056
2026-09-18 13:17:04 +126613750 [INFO] Activation requested; target=396956; source=3803056
2026-09-18 13:17:04 +126613781 [ERROR] Main timer foreground check: Target window not found.
D:\Git\EVE-X-Preview\src\Main_Class.ahk:429 WinGetProcessName
D:\Git\EVE-X-Preview\src\Main_Class.ahk (429) : [WinGetProcessName] activeExe := WinGetProcessName("A")
D:\Git\EVE-X-Preview\src\Main_Class.ahk (429) : [Main_Class.Prototype.PollMainWindows] activeExe := WinGetProcessName("A")
D:\Git\EVE-X-Preview\src\Main_Class.ahk (348) : [Main_Class.Prototype.HandleMainTimer] This.PollMainWindows()
> Timer
2026-09-18 13:17:04 +126613781 [ERROR] Program event: Error in Main Timer Active Window Check

D:\Git\EVE-X-Preview\src\Main_Class.ahk:53 Main_Class.Prototype.debugToolTipText.set
D:\Git\EVE-X-Preview\src\Main_Class.ahk (53) : [Main_Class.Prototype.debugToolTipText.set] ProgramLog.Error(Error(addition), "Program event")
D:\Git\EVE-X-Preview\src\Main_Class.ahk (471) : [Main_Class.Prototype.PollMainWindows] This.debugToolTipText .= "Error in Main Timer Active Window Check
"
D:\Git\EVE-X-Preview\src\Main_Class.ahk (348) : [Main_Class.Prototype.HandleMainTimer] This.PollMainWindows()
> Timer
2026-09-18 13:17:05 +126613843 [INFO] Activation focus confirmed; target=396956; foreground=396956
2026-09-18 13:17:05 +126614828 [INFO] Activation requested; target=396894; source=396956
2026-09-18 13:17:06 +126614859 [ERROR] Main timer foreground check: Target window not found.
D:\Git\EVE-X-Preview\src\Main_Class.ahk:429 WinGetProcessName
D:\Git\EVE-X-Preview\src\Main_Class.ahk (429) : [WinGetProcessName] activeExe := WinGetProcessName("A")
D:\Git\EVE-X-Preview\src\Main_Class.ahk (429) : [Main_Class.Prototype.PollMainWindows] activeExe := WinGetProcessName("A")
D:\Git\EVE-X-Preview\src\Main_Class.ahk (348) : [Main_Class.Prototype.HandleMainTimer] This.PollMainWindows()
> Timer
2026-09-18 13:17:06 +126614859 [ERROR] Program event: Error in Main Timer Active Window Check

D:\Git\EVE-X-Preview\src\Main_Class.ahk:53 Main_Class.Prototype.debugToolTipText.set
D:\Git\EVE-X-Preview\src\Main_Class.ahk (53) : [Main_Class.Prototype.debugToolTipText.set] ProgramLog.Error(Error(addition), "Program event")
D:\Git\EVE-X-Preview\src\Main_Class.ahk (471) : [Main_Class.Prototype.PollMainWindows] This.debugToolTipText .= "Error in Main Timer Active Window Check
"
D:\Git\EVE-X-Preview\src\Main_Class.ahk (348) : [Main_Class.Prototype.HandleMainTimer] This.PollMainWindows()
> Timer
2026-09-18 13:17:06 +126614921 [INFO] Activation focus confirmed; target=396894; foreground=396894
2026-09-18 13:17:07 +126616671 [INFO] Activation requested; target=986496; source=396894
2026-09-18 13:17:07 +126616718 [INFO] Activation focus confirmed; target=986496; foreground=986496
2026-09-18 13:17:08 +126617328 [INFO] Activation requested; target=397052; source=986496
2026-09-18 13:17:08 +126617359 [ERROR] Main timer foreground check: Target window not found.
D:\Git\EVE-X-Preview\src\Main_Class.ahk:429 WinGetProcessName
D:\Git\EVE-X-Preview\src\Main_Class.ahk (429) : [WinGetProcessName] activeExe := WinGetProcessName("A")
D:\Git\EVE-X-Preview\src\Main_Class.ahk (429) : [Main_Class.Prototype.PollMainWindows] activeExe := WinGetProcessName("A")
D:\Git\EVE-X-Preview\src\Main_Class.ahk (348) : [Main_Class.Prototype.HandleMainTimer] This.PollMainWindows()
> Timer
2026-09-18 13:17:08 +126617359 [ERROR] Program event: Error in Main Timer Active Window Check

D:\Git\EVE-X-Preview\src\Main_Class.ahk:53 Main_Class.Prototype.debugToolTipText.set
D:\Git\EVE-X-Preview\src\Main_Class.ahk (53) : [Main_Class.Prototype.debugToolTipText.set] ProgramLog.Error(Error(addition), "Program event")
D:\Git\EVE-X-Preview\src\Main_Class.ahk (471) : [Main_Class.Prototype.PollMainWindows] This.debugToolTipText .= "Error in Main Timer Active Window Check
"
D:\Git\EVE-X-Preview\src\Main_Class.ahk (348) : [Main_Class.Prototype.HandleMainTimer] This.PollMainWindows()
> Timer
2026-09-18 13:17:08 +126617421 [INFO] Activation focus confirmed; target=397052; foreground=397052
2026-09-18 13:17:08 +126617671 [INFO] Activation requested; target=1838794; source=397052
2026-09-18 13:17:08 +126617734 [INFO] Activation focus confirmed; target=1838794; foreground=1838794
2026-09-18 13:17:09 +126617968 [INFO] Activation requested; target=12519826; source=1838794
2026-09-18 13:17:09 +126618000 [ERROR] Main timer foreground check: Target window not found.
D:\Git\EVE-X-Preview\src\Main_Class.ahk:429 WinGetProcessName
D:\Git\EVE-X-Preview\src\Main_Class.ahk (429) : [WinGetProcessName] activeExe := WinGetProcessName("A")
D:\Git\EVE-X-Preview\src\Main_Class.ahk (429) : [Main_Class.Prototype.PollMainWindows] activeExe := WinGetProcessName("A")
D:\Git\EVE-X-Preview\src\Main_Class.ahk (348) : [Main_Class.Prototype.HandleMainTimer] This.PollMainWindows()
> Timer
2026-09-18 13:17:09 +126618000 [ERROR] Program event: Error in Main Timer Active Window Check

D:\Git\EVE-X-Preview\src\Main_Class.ahk:53 Main_Class.Prototype.debugToolTipText.set
D:\Git\EVE-X-Preview\src\Main_Class.ahk (53) : [Main_Class.Prototype.debugToolTipText.set] ProgramLog.Error(Error(addition), "Program event")
D:\Git\EVE-X-Preview\src\Main_Class.ahk (471) : [Main_Class.Prototype.PollMainWindows] This.debugToolTipText .= "Error in Main Timer Active Window Check
"
D:\Git\EVE-X-Preview\src\Main_Class.ahk (348) : [Main_Class.Prototype.HandleMainTimer] This.PollMainWindows()
> Timer
2026-09-18 13:17:09 +126618062 [INFO] Activation focus confirmed; target=12519826; foreground=12519826
2026-09-18 13:17:09 +126618375 [INFO] Activation requested; target=396958; source=12519826
2026-09-18 13:17:09 +126618406 [ERROR] Main timer foreground check: Target window not found.
D:\Git\EVE-X-Preview\src\Main_Class.ahk:429 WinGetProcessName
D:\Git\EVE-X-Preview\src\Main_Class.ahk (429) : [WinGetProcessName] activeExe := WinGetProcessName("A")
D:\Git\EVE-X-Preview\src\Main_Class.ahk (429) : [Main_Class.Prototype.PollMainWindows] activeExe := WinGetProcessName("A")
D:\Git\EVE-X-Preview\src\Main_Class.ahk (348) : [Main_Class.Prototype.HandleMainTimer] This.PollMainWindows()
> Timer
2026-09-18 13:17:09 +126618406 [ERROR] Program event: Error in Main Timer Active Window Check

D:\Git\EVE-X-Preview\src\Main_Class.ahk:53 Main_Class.Prototype.debugToolTipText.set
D:\Git\EVE-X-Preview\src\Main_Class.ahk (53) : [Main_Class.Prototype.debugToolTipText.set] ProgramLog.Error(Error(addition), "Program event")
D:\Git\EVE-X-Preview\src\Main_Class.ahk (471) : [Main_Class.Prototype.PollMainWindows] This.debugToolTipText .= "Error in Main Timer Active Window Check
"
D:\Git\EVE-X-Preview\src\Main_Class.ahk (348) : [Main_Class.Prototype.HandleMainTimer] This.PollMainWindows()
> Timer
2026-09-18 13:17:09 +126618468 [INFO] Activation focus confirmed; target=396958; foreground=396958
2026-09-18 13:17:09 +126618687 [INFO] Activation requested; target=1837564; source=396958
2026-09-18 13:17:09 +126618718 [INFO] Activation focus confirmed; target=1837564; foreground=1837564
2026-09-18 13:17:10 +126619015 [INFO] Activation requested; target=3803056; source=1837564
2026-09-18 13:17:10 +126619062 [INFO] Activation focus confirmed; target=3803056; foreground=3803056
2026-09-18 13:17:10 +126619343 [INFO] Activation requested; target=396956; source=3803056
2026-09-18 13:17:10 +126619375 [ERROR] Main timer foreground check: Target window not found.
D:\Git\EVE-X-Preview\src\Main_Class.ahk:429 WinGetProcessName
D:\Git\EVE-X-Preview\src\Main_Class.ahk (429) : [WinGetProcessName] activeExe := WinGetProcessName("A")
D:\Git\EVE-X-Preview\src\Main_Class.ahk (429) : [Main_Class.Prototype.PollMainWindows] activeExe := WinGetProcessName("A")
D:\Git\EVE-X-Preview\src\Main_Class.ahk (348) : [Main_Class.Prototype.HandleMainTimer] This.PollMainWindows()
> Timer
2026-09-18 13:17:10 +126619375 [ERROR] Program event: Error in Main Timer Active Window Check

D:\Git\EVE-X-Preview\src\Main_Class.ahk:53 Main_Class.Prototype.debugToolTipText.set
D:\Git\EVE-X-Preview\src\Main_Class.ahk (53) : [Main_Class.Prototype.debugToolTipText.set] ProgramLog.Error(Error(addition), "Program event")
D:\Git\EVE-X-Preview\src\Main_Class.ahk (471) : [Main_Class.Prototype.PollMainWindows] This.debugToolTipText .= "Error in Main Timer Active Window Check
"
D:\Git\EVE-X-Preview\src\Main_Class.ahk (348) : [Main_Class.Prototype.HandleMainTimer] This.PollMainWindows()
> Timer
2026-09-18 13:17:10 +126619437 [INFO] Activation focus confirmed; target=396956; foreground=396956
2026-09-18 13:17:10 +126619687 [INFO] Activation requested; target=396894; source=396956
2026-09-18 13:17:10 +126619718 [INFO] Activation focus confirmed; target=396894; foreground=396894
2026-09-18 13:17:11 +126620062 [INFO] Activation requested; target=986496; source=396894
2026-09-18 13:17:11 +126620093 [ERROR] Main timer foreground check: Target window not found.
D:\Git\EVE-X-Preview\src\Main_Class.ahk:429 WinGetProcessName
D:\Git\EVE-X-Preview\src\Main_Class.ahk (429) : [WinGetProcessName] activeExe := WinGetProcessName("A")
D:\Git\EVE-X-Preview\src\Main_Class.ahk (429) : [Main_Class.Prototype.PollMainWindows] activeExe := WinGetProcessName("A")
D:\Git\EVE-X-Preview\src\Main_Class.ahk (348) : [Main_Class.Prototype.HandleMainTimer] This.PollMainWindows()
> Timer
2026-09-18 13:17:11 +126620093 [ERROR] Program event: Error in Main Timer Active Window Check

D:\Git\EVE-X-Preview\src\Main_Class.ahk:53 Main_Class.Prototype.debugToolTipText.set
D:\Git\EVE-X-Preview\src\Main_Class.ahk (53) : [Main_Class.Prototype.debugToolTipText.set] ProgramLog.Error(Error(addition), "Program event")
D:\Git\EVE-X-Preview\src\Main_Class.ahk (471) : [Main_Class.Prototype.PollMainWindows] This.debugToolTipText .= "Error in Main Timer Active Window Check
"
D:\Git\EVE-X-Preview\src\Main_Class.ahk (348) : [Main_Class.Prototype.HandleMainTimer] This.PollMainWindows()
> Timer
2026-09-18 13:17:11 +126620156 [INFO] Activation focus confirmed; target=986496; foreground=986496
2026-09-18 13:18:51 +126720265 [ERROR] Main timer foreground check: Target window not found.
D:\Git\EVE-X-Preview\src\Main_Class.ahk:429 WinGetProcessName
D:\Git\EVE-X-Preview\src\Main_Class.ahk (429) : [WinGetProcessName] activeExe := WinGetProcessName("A")
D:\Git\EVE-X-Preview\src\Main_Class.ahk (429) : [Main_Class.Prototype.PollMainWindows] activeExe := WinGetProcessName("A")
D:\Git\EVE-X-Preview\src\Main_Class.ahk (348) : [Main_Class.Prototype.HandleMainTimer] This.PollMainWindows()
> Timer
2026-09-18 13:18:51 +126720265 [ERROR] Program event: Error in Main Timer Active Window Check

D:\Git\EVE-X-Preview\src\Main_Class.ahk:53 Main_Class.Prototype.debugToolTipText.set
D:\Git\EVE-X-Preview\src\Main_Class.ahk (53) : [Main_Class.Prototype.debugToolTipText.set] ProgramLog.Error(Error(addition), "Program event")
D:\Git\EVE-X-Preview\src\Main_Class.ahk (471) : [Main_Class.Prototype.PollMainWindows] This.debugToolTipText .= "Error in Main Timer Active Window Check
"
D:\Git\EVE-X-Preview\src\Main_Class.ahk (348) : [Main_Class.Prototype.HandleMainTimer] This.PollMainWindows()
> Timer
2026-09-18 13:18:51 +126720281 [INFO] Settings opened
2026-09-18 13:18:51 +126720343 [ERROR] Main timer foreground check: Target window not found.
D:\Git\EVE-X-Preview\src\Main_Class.ahk:429 WinGetProcessName
D:\Git\EVE-X-Preview\src\Main_Class.ahk (429) : [WinGetProcessName] activeExe := WinGetProcessName("A")
D:\Git\EVE-X-Preview\src\Main_Class.ahk (429) : [Main_Class.Prototype.PollMainWindows] activeExe := WinGetProcessName("A")
D:\Git\EVE-X-Preview\src\Main_Class.ahk (348) : [Main_Class.Prototype.HandleMainTimer] This.PollMainWindows()
> Timer
D:\Git\EVE-X-Preview\src\Settings_Gui.ahk (229) : [Settings_Gui.Prototype.ClientSettings_Ctrl] ClientSettings.Push(This.MainFrame.Add("Edit", Format("xp yp+{} w{} h{}", This.contentGap, This.editExW, This.editExH) " vDontCloseClients -Wrap", This.DontCloseList()))
D:\Git\EVE-X-Preview\src\Settings_Gui.ahk (43) : [Settings_Gui.Prototype.MainGui] This.ClientSettings_Ctrl()
D:\Git\EVE-X-Preview\src\TrayMenu.ahk (173) : [MenuHandler] This.MainGui()
> Menu
2026-09-18 13:18:51 +126720343 [ERROR] Program event: Error in Main Timer Active Window Check

D:\Git\EVE-X-Preview\src\Main_Class.ahk:53 Main_Class.Prototype.debugToolTipText.set
D:\Git\EVE-X-Preview\src\Main_Class.ahk (53) : [Main_Class.Prototype.debugToolTipText.set] ProgramLog.Error(Error(addition), "Program event")
D:\Git\EVE-X-Preview\src\Main_Class.ahk (471) : [Main_Class.Prototype.PollMainWindows] This.debugToolTipText .= "Error in Main Timer Active Window Check
"
D:\Git\EVE-X-Preview\src\Main_Class.ahk (348) : [Main_Class.Prototype.HandleMainTimer] This.PollMainWindows()
> Timer
D:\Git\EVE-X-Preview\src\Settings_Gui.ahk (229) : [Settings_Gui.Prototype.ClientSettings_Ctrl] ClientSettings.Push(This.MainFrame.Add("Edit", Format("xp yp+{} w{} h{}", This.contentGap, This.editExW, This.editExH) " vDontCloseClients -Wrap", This.DontCloseList()))
D:\Git\EVE-X-Preview\src\Settings_Gui.ahk (43) : [Settings_Gui.Prototype.MainGui] This.ClientSettings_Ctrl()
D:\Git\EVE-X-Preview\src\TrayMenu.ahk (173) : [MenuHandler] This.MainGui()
> Menu
2026-09-18 13:18:51 +126720406 [ERROR] Main timer foreground check: Target window not found.
D:\Git\EVE-X-Preview\src\Main_Class.ahk:429 WinGetProcessName
D:\Git\EVE-X-Preview\src\Main_Class.ahk (429) : [WinGetProcessName] activeExe := WinGetProcessName("A")
D:\Git\EVE-X-Preview\src\Main_Class.ahk (429) : [Main_Class.Prototype.PollMainWindows] activeExe := WinGetProcessName("A")
D:\Git\EVE-X-Preview\src\Main_Class.ahk (348) : [Main_Class.Prototype.HandleMainTimer] This.PollMainWindows()
> Timer
D:\Git\EVE-X-Preview\src\Settings_Gui.ahk (413) : [Settings_Gui.Prototype.HotkeyGroups_Ctrl] Hotkey_Groups.Push(This.MainFrame.Add("Text", Format("xs ys+{} Section", This.xlGap), "Characters List:"))
D:\Git\EVE-X-Preview\src\Settings_Gui.ahk (45) : [Settings_Gui.Prototype.MainGui] This.HotkeyGroups_Ctrl()
D:\Git\EVE-X-Preview\src\TrayMenu.ahk (173) : [MenuHandler] This.MainGui()
> Menu
2026-09-18 13:18:51 +126720406 [ERROR] Program event: Error in Main Timer Active Window Check

D:\Git\EVE-X-Preview\src\Main_Class.ahk:53 Main_Class.Prototype.debugToolTipText.set
D:\Git\EVE-X-Preview\src\Main_Class.ahk (53) : [Main_Class.Prototype.debugToolTipText.set] ProgramLog.Error(Error(addition), "Program event")
D:\Git\EVE-X-Preview\src\Main_Class.ahk (471) : [Main_Class.Prototype.PollMainWindows] This.debugToolTipText .= "Error in Main Timer Active Window Check
"
D:\Git\EVE-X-Preview\src\Main_Class.ahk (348) : [Main_Class.Prototype.HandleMainTimer] This.PollMainWindows()
> Timer
D:\Git\EVE-X-Preview\src\Settings_Gui.ahk (413) : [Settings_Gui.Prototype.HotkeyGroups_Ctrl] Hotkey_Groups.Push(This.MainFrame.Add("Text", Format("xs ys+{} Section", This.xlGap), "Characters List:"))
D:\Git\EVE-X-Preview\src\Settings_Gui.ahk (45) : [Settings_Gui.Prototype.MainGui] This.HotkeyGroups_Ctrl()
D:\Git\EVE-X-Preview\src\TrayMenu.ahk (173) : [MenuHandler] This.MainGui()
> Menu
2026-09-18 13:18:51 +126720484 [ERROR] Main timer foreground check: Target window not found.
D:\Git\EVE-X-Preview\src\Main_Class.ahk:429 WinGetProcessName
D:\Git\EVE-X-Preview\src\Main_Class.ahk (429) : [WinGetProcessName] activeExe := WinGetProcessName("A")
D:\Git\EVE-X-Preview\src\Main_Class.ahk (429) : [Main_Class.Prototype.PollMainWindows] activeExe := WinGetProcessName("A")
D:\Git\EVE-X-Preview\src\Main_Class.ahk (348) : [Main_Class.Prototype.HandleMainTimer] This.PollMainWindows()
> Timer
D:\Git\EVE-X-Preview\src\Settings_Gui.ahk (762) : [Settings_Gui.Prototype.ThumbnailsInteractions_Ctrl] arr.Push(This.MainFrame.Add("Text", Format("xs yp+{} w{} h2 +0x10", This.xlGap, This.sepW)))
D:\Git\EVE-X-Preview\src\Settings_Gui.ahk (47) : [Settings_Gui.Prototype.MainGui] This.ThumbnailsInteractions_Ctrl()
D:\Git\EVE-X-Preview\src\TrayMenu.ahk (173) : [MenuHandler] This.MainGui()
> Menu
2026-09-18 13:18:51 +126720484 [ERROR] Program event: Error in Main Timer Active Window Check

D:\Git\EVE-X-Preview\src\Main_Class.ahk:53 Main_Class.Prototype.debugToolTipText.set
D:\Git\EVE-X-Preview\src\Main_Class.ahk (53) : [Main_Class.Prototype.debugToolTipText.set] ProgramLog.Error(Error(addition), "Program event")
D:\Git\EVE-X-Preview\src\Main_Class.ahk (471) : [Main_Class.Prototype.PollMainWindows] This.debugToolTipText .= "Error in Main Timer Active Window Check
"
D:\Git\EVE-X-Preview\src\Main_Class.ahk (348) : [Main_Class.Prototype.HandleMainTimer] This.PollMainWindows()
> Timer
D:\Git\EVE-X-Preview\src\Settings_Gui.ahk (762) : [Settings_Gui.Prototype.ThumbnailsInteractions_Ctrl] arr.Push(This.MainFrame.Add("Text", Format("xs yp+{} w{} h2 +0x10", This.xlGap, This.sepW)))
D:\Git\EVE-X-Preview\src\Settings_Gui.ahk (47) : [Settings_Gui.Prototype.MainGui] This.ThumbnailsInteractions_Ctrl()
D:\Git\EVE-X-Preview\src\TrayMenu.ahk (173) : [MenuHandler] This.MainGui()
> Menu
2026-09-18 13:18:51 +126720562 [ERROR] Main timer foreground check: Target window not found.
D:\Git\EVE-X-Preview\src\Main_Class.ahk:429 WinGetProcessName
D:\Git\EVE-X-Preview\src\Main_Class.ahk (429) : [WinGetProcessName] activeExe := WinGetProcessName("A")
D:\Git\EVE-X-Preview\src\Main_Class.ahk (429) : [Main_Class.Prototype.PollMainWindows] activeExe := WinGetProcessName("A")
D:\Git\EVE-X-Preview\src\Main_Class.ahk (348) : [Main_Class.Prototype.HandleMainTimer] This.PollMainWindows()
> Timer
D:\Git\EVE-X-Preview\src\Settings_Gui.ahk (1040) : [Settings_Gui.Prototype.ThumbnailsVisuals_Ctrl] arr.Push(This.MainFrame.Add("Text", Format("xs ys+{} Section", This.xlGap), "Inactive Client Border Thickness (px):"))
D:\Git\EVE-X-Preview\src\Settings_Gui.ahk (49) : [Settings_Gui.Prototype.MainGui] This.ThumbnailsVisuals_Ctrl()
D:\Git\EVE-X-Preview\src\TrayMenu.ahk (173) : [MenuHandler] This.MainGui()
> Menu
2026-09-18 13:18:51 +126720562 [ERROR] Program event: Error in Main Timer Active Window Check

D:\Git\EVE-X-Preview\src\Main_Class.ahk:53 Main_Class.Prototype.debugToolTipText.set
D:\Git\EVE-X-Preview\src\Main_Class.ahk (53) : [Main_Class.Prototype.debugToolTipText.set] ProgramLog.Error(Error(addition), "Program event")
D:\Git\EVE-X-Preview\src\Main_Class.ahk (471) : [Main_Class.Prototype.PollMainWindows] This.debugToolTipText .= "Error in Main Timer Active Window Check
"
D:\Git\EVE-X-Preview\src\Main_Class.ahk (348) : [Main_Class.Prototype.HandleMainTimer] This.PollMainWindows()
> Timer
D:\Git\EVE-X-Preview\src\Settings_Gui.ahk (1040) : [Settings_Gui.Prototype.ThumbnailsVisuals_Ctrl] arr.Push(This.MainFrame.Add("Text", Format("xs ys+{} Section", This.xlGap), "Inactive Client Border Thickness (px):"))
D:\Git\EVE-X-Preview\src\Settings_Gui.ahk (49) : [Settings_Gui.Prototype.MainGui] This.ThumbnailsVisuals_Ctrl()
D:\Git\EVE-X-Preview\src\TrayMenu.ahk (173) : [MenuHandler] This.MainGui()
> Menu
2026-09-18 13:18:51 +126720640 [ERROR] Main timer foreground check: Target window not found.
D:\Git\EVE-X-Preview\src\Main_Class.ahk:429 WinGetProcessName
D:\Git\EVE-X-Preview\src\Main_Class.ahk (429) : [WinGetProcessName] activeExe := WinGetProcessName("A")
D:\Git\EVE-X-Preview\src\Main_Class.ahk (429) : [Main_Class.Prototype.PollMainWindows] activeExe := WinGetProcessName("A")
D:\Git\EVE-X-Preview\src\Main_Class.ahk (348) : [Main_Class.Prototype.HandleMainTimer] This.PollMainWindows()
> Timer
D:\Git\EVE-X-Preview\src\Settings_Gui.ahk (1399) : [Settings_Gui.Prototype.MonitoredEvents_Ctrl] arr.Push(This.MainFrame.Add("Text", Format("xs ys+{} Section", This.xlGap), label . (event = "stoppedShooting" ? " (Interval ms):" : ":")))
D:\Git\EVE-X-Preview\src\Settings_Gui.ahk (52) : [Settings_Gui.Prototype.MainGui] This.MonitoredEvents_Ctrl()
D:\Git\EVE-X-Preview\src\TrayMenu.ahk (173) : [MenuHandler] This.MainGui()
> Menu
2026-09-18 13:18:51 +126720640 [ERROR] Program event: Error in Main Timer Active Window Check

D:\Git\EVE-X-Preview\src\Main_Class.ahk:53 Main_Class.Prototype.debugToolTipText.set
D:\Git\EVE-X-Preview\src\Main_Class.ahk (53) : [Main_Class.Prototype.debugToolTipText.set] ProgramLog.Error(Error(addition), "Program event")
D:\Git\EVE-X-Preview\src\Main_Class.ahk (471) : [Main_Class.Prototype.PollMainWindows] This.debugToolTipText .= "Error in Main Timer Active Window Check
"
D:\Git\EVE-X-Preview\src\Main_Class.ahk (348) : [Main_Class.Prototype.HandleMainTimer] This.PollMainWindows()
> Timer
D:\Git\EVE-X-Preview\src\Settings_Gui.ahk (1399) : [Settings_Gui.Prototype.MonitoredEvents_Ctrl] arr.Push(This.MainFrame.Add("Text", Format("xs ys+{} Section", This.xlGap), label . (event = "stoppedShooting" ? " (Interval ms):" : ":")))
D:\Git\EVE-X-Preview\src\Settings_Gui.ahk (52) : [Settings_Gui.Prototype.MainGui] This.MonitoredEvents_Ctrl()
D:\Git\EVE-X-Preview\src\TrayMenu.ahk (173) : [MenuHandler] This.MainGui()
> Menu
2026-09-18 13:18:51 +126720703 [ERROR] Main timer foreground check: Target window not found.
D:\Git\EVE-X-Preview\src\Main_Class.ahk:429 WinGetProcessName
D:\Git\EVE-X-Preview\src\Main_Class.ahk (429) : [WinGetProcessName] activeExe := WinGetProcessName("A")
D:\Git\EVE-X-Preview\src\Main_Class.ahk (429) : [Main_Class.Prototype.PollMainWindows] activeExe := WinGetProcessName("A")
D:\Git\EVE-X-Preview\src\Main_Class.ahk (348) : [Main_Class.Prototype.HandleMainTimer] This.PollMainWindows()
> Timer
D:\Git\EVE-X-Preview\src\Settings_Gui.ahk (1450) : [Settings_Gui.Prototype.MonitoredEvents_Ctrl] v.Visible := 0
D:\Git\EVE-X-Preview\src\Settings_Gui.ahk (52) : [Settings_Gui.Prototype.MainGui] This.MonitoredEvents_Ctrl()
D:\Git\EVE-X-Preview\src\TrayMenu.ahk (173) : [MenuHandler] This.MainGui()
> Menu
2026-09-18 13:18:51 +126720703 [ERROR] Program event: Error in Main Timer Active Window Check

D:\Git\EVE-X-Preview\src\Main_Class.ahk:53 Main_Class.Prototype.debugToolTipText.set
D:\Git\EVE-X-Preview\src\Main_Class.ahk (53) : [Main_Class.Prototype.debugToolTipText.set] ProgramLog.Error(Error(addition), "Program event")
D:\Git\EVE-X-Preview\src\Main_Class.ahk (471) : [Main_Class.Prototype.PollMainWindows] This.debugToolTipText .= "Error in Main Timer Active Window Check
"
D:\Git\EVE-X-Preview\src\Main_Class.ahk (348) : [Main_Class.Prototype.HandleMainTimer] This.PollMainWindows()
> Timer
D:\Git\EVE-X-Preview\src\Settings_Gui.ahk (1450) : [Settings_Gui.Prototype.MonitoredEvents_Ctrl] v.Visible := 0
D:\Git\EVE-X-Preview\src\Settings_Gui.ahk (52) : [Settings_Gui.Prototype.MainGui] This.MonitoredEvents_Ctrl()
D:\Git\EVE-X-Preview\src\TrayMenu.ahk (173) : [MenuHandler] This.MainGui()
> Menu
2026-09-18 13:18:51 +126720765 [ERROR] Main timer foreground check: Target window not found.
D:\Git\EVE-X-Preview\src\Main_Class.ahk:429 WinGetProcessName
D:\Git\EVE-X-Preview\src\Main_Class.ahk (429) : [WinGetProcessName] activeExe := WinGetProcessName("A")
D:\Git\EVE-X-Preview\src\Main_Class.ahk (429) : [Main_Class.Prototype.PollMainWindows] activeExe := WinGetProcessName("A")
D:\Git\EVE-X-Preview\src\Main_Class.ahk (348) : [Main_Class.Prototype.HandleMainTimer] This.PollMainWindows()
> Timer
D:\Git\EVE-X-Preview\src\Settings_Gui.ahk (1818) : [Settings_Gui.Prototype.TrayMenuSettings_Ctrl] arr.Push(This.MainFrame.Add("Text", Format("xp yp+{} w{} h2 +0x10", This.lGap, This.sepW)))
D:\Git\EVE-X-Preview\src\Settings_Gui.ahk (55) : [Settings_Gui.Prototype.MainGui] This.TrayMenuSettings_Ctrl()
D:\Git\EVE-X-Preview\src\TrayMenu.ahk (173) : [MenuHandler] This.MainGui()
> Menu
2026-09-18 13:18:51 +126720765 [ERROR] Program event: Error in Main Timer Active Window Check

D:\Git\EVE-X-Preview\src\Main_Class.ahk:53 Main_Class.Prototype.debugToolTipText.set
D:\Git\EVE-X-Preview\src\Main_Class.ahk (53) : [Main_Class.Prototype.debugToolTipText.set] ProgramLog.Error(Error(addition), "Program event")
D:\Git\EVE-X-Preview\src\Main_Class.ahk (471) : [Main_Class.Prototype.PollMainWindows] This.debugToolTipText .= "Error in Main Timer Active Window Check
"
D:\Git\EVE-X-Preview\src\Main_Class.ahk (348) : [Main_Class.Prototype.HandleMainTimer] This.PollMainWindows()
> Timer
D:\Git\EVE-X-Preview\src\Settings_Gui.ahk (1818) : [Settings_Gui.Prototype.TrayMenuSettings_Ctrl] arr.Push(This.MainFrame.Add("Text", Format("xp yp+{} w{} h2 +0x10", This.lGap, This.sepW)))
D:\Git\EVE-X-Preview\src\Settings_Gui.ahk (55) : [Settings_Gui.Prototype.MainGui] This.TrayMenuSettings_Ctrl()
D:\Git\EVE-X-Preview\src\TrayMenu.ahk (173) : [MenuHandler] This.MainGui()
> Menu
2026-09-18 13:18:52 +126720828 [ERROR] Main timer foreground check: Target window not found.
D:\Git\EVE-X-Preview\src\Main_Class.ahk:429 WinGetProcessName
D:\Git\EVE-X-Preview\src\Main_Class.ahk (429) : [WinGetProcessName] activeExe := WinGetProcessName("A")
D:\Git\EVE-X-Preview\src\Main_Class.ahk (429) : [Main_Class.Prototype.PollMainWindows] activeExe := WinGetProcessName("A")
D:\Git\EVE-X-Preview\src\Main_Class.ahk (348) : [Main_Class.Prototype.HandleMainTimer] This.PollMainWindows()
> Timer
D:\Git\EVE-X-Preview\src\Settings_Gui.ahk (1849) : [Settings_Gui.Prototype.About_Ctrl] If !RegExMatch(FileRead(A_ScriptDir "\Main.ahk"), "U_version = ([\d.]+)", &versionMatch)
D:\Git\EVE-X-Preview\src\Settings_Gui.ahk (57) : [Settings_Gui.Prototype.MainGui] This.About_Ctrl()
D:\Git\EVE-X-Preview\src\TrayMenu.ahk (173) : [MenuHandler] This.MainGui()
> Menu
2026-09-18 13:18:52 +126720828 [ERROR] Program event: Error in Main Timer Active Window Check

D:\Git\EVE-X-Preview\src\Main_Class.ahk:53 Main_Class.Prototype.debugToolTipText.set
D:\Git\EVE-X-Preview\src\Main_Class.ahk (53) : [Main_Class.Prototype.debugToolTipText.set] ProgramLog.Error(Error(addition), "Program event")
D:\Git\EVE-X-Preview\src\Main_Class.ahk (471) : [Main_Class.Prototype.PollMainWindows] This.debugToolTipText .= "Error in Main Timer Active Window Check
"
D:\Git\EVE-X-Preview\src\Main_Class.ahk (348) : [Main_Class.Prototype.HandleMainTimer] This.PollMainWindows()
> Timer
D:\Git\EVE-X-Preview\src\Settings_Gui.ahk (1849) : [Settings_Gui.Prototype.About_Ctrl] If !RegExMatch(FileRead(A_ScriptDir "\Main.ahk"), "U_version = ([\d.]+)", &versionMatch)
D:\Git\EVE-X-Preview\src\Settings_Gui.ahk (57) : [Settings_Gui.Prototype.MainGui] This.About_Ctrl()
D:\Git\EVE-X-Preview\src\TrayMenu.ahk (173) : [MenuHandler] This.MainGui()
> Menu
2026-09-18 13:18:52 +126720890 [ERROR] Main timer foreground check: Target window not found.
D:\Git\EVE-X-Preview\src\Main_Class.ahk:429 WinGetProcessName
D:\Git\EVE-X-Preview\src\Main_Class.ahk (429) : [WinGetProcessName] activeExe := WinGetProcessName("A")
D:\Git\EVE-X-Preview\src\Main_Class.ahk (429) : [Main_Class.Prototype.PollMainWindows] activeExe := WinGetProcessName("A")
D:\Git\EVE-X-Preview\src\Main_Class.ahk (348) : [Main_Class.Prototype.HandleMainTimer] This.PollMainWindows()
> Timer
D:\Git\EVE-X-Preview\src\Settings_Gui.ahk (2090) : [Settings_Gui.Prototype._Button_Load] ob.Enabled := 0
D:\Git\EVE-X-Preview\src\Settings_Gui.ahk (59) : [Settings_Gui.Prototype.MainGui] This._Button_Load()
D:\Git\EVE-X-Preview\src\TrayMenu.ahk (173) : [MenuHandler] This.MainGui()
> Menu
2026-09-18 13:18:52 +126720890 [ERROR] Program event: Error in Main Timer Active Window Check

D:\Git\EVE-X-Preview\src\Main_Class.ahk:53 Main_Class.Prototype.debugToolTipText.set
D:\Git\EVE-X-Preview\src\Main_Class.ahk (53) : [Main_Class.Prototype.debugToolTipText.set] ProgramLog.Error(Error(addition), "Program event")
D:\Git\EVE-X-Preview\src\Main_Class.ahk (471) : [Main_Class.Prototype.PollMainWindows] This.debugToolTipText .= "Error in Main Timer Active Window Check
"
D:\Git\EVE-X-Preview\src\Main_Class.ahk (348) : [Main_Class.Prototype.HandleMainTimer] This.PollMainWindows()
> Timer
D:\Git\EVE-X-Preview\src\Settings_Gui.ahk (2090) : [Settings_Gui.Prototype._Button_Load] ob.Enabled := 0
D:\Git\EVE-X-Preview\src\Settings_Gui.ahk (59) : [Settings_Gui.Prototype.MainGui] This._Button_Load()
D:\Git\EVE-X-Preview\src\TrayMenu.ahk (173) : [MenuHandler] This.MainGui()
> Menu
2026-09-18 13:18:52 +126720953 [ERROR] Main timer foreground check: Target window not found.
D:\Git\EVE-X-Preview\src\Main_Class.ahk:429 WinGetProcessName
D:\Git\EVE-X-Preview\src\Main_Class.ahk (429) : [WinGetProcessName] activeExe := WinGetProcessName("A")
D:\Git\EVE-X-Preview\src\Main_Class.ahk (429) : [Main_Class.Prototype.PollMainWindows] activeExe := WinGetProcessName("A")
D:\Git\EVE-X-Preview\src\Main_Class.ahk (348) : [Main_Class.Prototype.HandleMainTimer] This.PollMainWindows()
> Timer
D:\Git\EVE-X-Preview\src\Settings_Gui.ahk (2090) : [Settings_Gui.Prototype._Button_Load] ob.Enabled := 0
D:\Git\EVE-X-Preview\src\Settings_Gui.ahk (59) : [Settings_Gui.Prototype.MainGui] This._Button_Load()
D:\Git\EVE-X-Preview\src\TrayMenu.ahk (173) : [MenuHandler] This.MainGui()
> Menu
2026-09-18 13:18:52 +126720953 [ERROR] Program event: Error in Main Timer Active Window Check

D:\Git\EVE-X-Preview\src\Main_Class.ahk:53 Main_Class.Prototype.debugToolTipText.set
D:\Git\EVE-X-Preview\src\Main_Class.ahk (53) : [Main_Class.Prototype.debugToolTipText.set] ProgramLog.Error(Error(addition), "Program event")
D:\Git\EVE-X-Preview\src\Main_Class.ahk (471) : [Main_Class.Prototype.PollMainWindows] This.debugToolTipText .= "Error in Main Timer Active Window Check
"
D:\Git\EVE-X-Preview\src\Main_Class.ahk (348) : [Main_Class.Prototype.HandleMainTimer] This.PollMainWindows()
> Timer
D:\Git\EVE-X-Preview\src\Settings_Gui.ahk (2090) : [Settings_Gui.Prototype._Button_Load] ob.Enabled := 0
D:\Git\EVE-X-Preview\src\Settings_Gui.ahk (59) : [Settings_Gui.Prototype.MainGui] This._Button_Load()
D:\Git\EVE-X-Preview\src\TrayMenu.ahk (173) : [MenuHandler] This.MainGui()
> Menu
2026-09-18 13:18:52 +126721109 [INFO] Update check started; manual=0
2026-09-18 13:18:52 +126721109 [INFO] Update request GET https://api.github.com/repos/khivus/EVE-X-Preview/releases/latest
2026-09-18 13:18:52 +126721109 [INFO] Update request GET https://api.github.com/repos/khivus/EVE-X-Preview/releases?per_page=30
2026-09-18 13:18:52 +126721171 [INFO] Saving settings; profile=02 Fob
2026-09-18 13:18:52 +126721203 [INFO] Settings saved
2026-09-18 13:18:52 +126721656 [INFO] Update response stable; HTTP 200
2026-09-18 13:18:53 +126721875 [INFO] Update response pre-release; HTTP 200
2026-09-18 13:18:53 +126721875 [INFO] Update check finished: Updates checked.; stable=1.5.2.2; pre-release=1.6.0.14
